movieId,tconst,primaryTitle,startYear,directors,runtimeMinutes,imdb_averageRating,imdb_numVotes
1,tt0114709,Toy Story,1995.0,nm0005124,81.0,8.3,1201536.0
2,tt0113497,Jumanji,1995.0,nm0002653,104.0,7.1,420227.0
3,tt0113228,Grumpier Old Men,1995.0,nm0222043,101.0,6.7,32005.0
4,tt0114885,Waiting to Exhale,1995.0,nm0001845,124.0,6.1,14216.0
5,tt0113041,Father of the Bride Part II,1995.0,nm0796124,106.0,6.1,46009.0
6,tt0113277,Heat,1995.0,nm0000520,170.0,8.3,820134.0
7,tt0114319,Sabrina,1995.0,nm0001628,127.0,6.4,48006.0
8,tt0112302,Tom and Huck,1995.0,nm0382072,97.0,5.5,12649.0
9,tt0114576,Sudden Death,1995.0,nm0001382,111.0,5.9,40152.0
10,tt0113189,GoldenEye,1995.0,nm0132709,130.0,7.2,289121.0
11,tt0112346,The American President,1995.0,nm0001661,114.0,6.9,66052.0
12,tt0112896,Dracula: Dead and Loving It,1995.0,nm0000316,90.0,5.9,49471.0
13,tt0112453,Balto,1995.0,nm0920425,78.0,7.1,52560.0
14,tt0113987,Nixon,1995.0,nm0000231,192.0,7.0,34878.0
15,tt0112760,Cutthroat Island,1995.0,nm0001317,124.0,5.7,33613.0
16,tt0112641,Casino,1995.0,nm0000217,178.0,8.2,629097.0
17,tt0114388,Sense and Sensibility,1995.0,nm0000487,136.0,7.7,138305.0
18,tt0113101,Four Rooms,1995.0,"nm0025978,nm0734319,nm0001675,nm0000233",98.0,6.7,117716.0
19,tt0112281,Ace Ventura: When Nature Calls,1995.0,nm0644203,90.0,6.4,251882.0
20,tt0113845,Money Train,1995.0,nm0747849,110.0,5.7,45750.0
21,tt0113161,Get Shorty,1995.0,nm0001756,105.0,6.9,97187.0
22,tt0112722,Copycat,1995.0,nm0000750,123.0,6.6,87997.0
23,tt0112401,Assassins,1995.0,nm0001149,133.0,6.3,93198.0
24,tt0114168,Powder,1995.0,nm0759207,111.0,6.6,35488.0
25,tt0113627,Leaving Las Vegas,1995.0,nm0001214,111.0,7.5,147141.0
26,tt0114057,Othello,1995.0,nm0662529,123.0,6.8,10702.0
27,tt0114011,Now and Then,1995.0,nm0322128,102.0,6.8,35342.0
28,,,,,,,
29,tt0112682,The City of Lost Children,1995.0,"nm0001988,nm0000466",112.0,7.4,75394.0
30,tt0115012,Shanghai Triad,1995.0,nm0955443,108.0,7.1,6462.0
31,tt0112792,Dangerous Minds,1995.0,nm0808807,99.0,6.5,61932.0
32,tt0114746,12 Monkeys,1995.0,nm0000416,129.0,8.0,685215.0
33,tt0114952,Wings of Courage,1995.0,nm0000269,40.0,6.3,838.0
34,tt0112431,Babe,1995.0,nm0003088,91.0,6.9,144185.0
35,tt0112637,Carrington,1995.0,nm0358960,121.0,6.8,6239.0
36,tt0112818,Dead Man Walking,1995.0,nm0000209,122.0,7.5,109772.0
37,tt0112286,Across the Sea of Time,1995.0,nm0522844,51.0,6.3,327.0
38,tt0113442,It Takes Two,1995.0,nm0855035,101.0,6.1,29199.0
39,tt0112697,Clueless,1995.0,nm0002132,97.0,6.9,282942.0
40,tt0112749,"Cry, the Beloved Country",1995.0,nm0740213,106.0,6.8,2190.0
41,tt0114279,Richard III,1995.0,nm0518644,104.0,7.3,16507.0
42,tt0112819,Dead Presidents,1995.0,"nm0400436,nm0400441",119.0,6.9,27142.0
43,tt0114272,Restoration,1995.0,nm0001355,117.0,6.6,10491.0
44,tt0113855,Mortal Kombat,1995.0,nm0027271,101.0,5.9,136663.0
45,tt0114681,To Die For,1995.0,nm0001814,106.0,6.8,61287.0
46,tt0113347,How to Make an American Quilt,1995.0,nm0602104,117.0,6.3,13246.0
47,tt0114369,Seven,1995.0,nm0000399,127.0,8.6,2064458.0
48,tt0114148,Pocahontas,1995.0,"nm0300265,nm0325196",81.0,6.7,220398.0
49,tt0114916,When Night Is Falling,1995.0,nm0005390,94.0,6.5,7994.0
50,tt0114814,The Usual Suspects,1995.0,nm0001741,106.0,8.5,1256481.0
51,tt0109950,Guardian Angel,1994.0,nm0612671,97.0,4.9,672.0
52,tt0113819,Mighty Aphrodite,1995.0,nm0000095,95.0,7.0,45326.0
53,tt0110299,Lamerica,1994.0,nm0002167,116.0,7.4,2533.0
54,tt0112499,The Big Green,1995.0,nm0805965,100.0,5.6,12172.0
55,tt0113158,Georgia,1995.0,nm0343260,115.0,6.5,3488.0
56,tt0113541,Kids of the Round Table,1995.0,nm0864016,89.0,5.2,385.0
57,tt0113321,Home for the Holidays,1995.0,nm0000149,103.0,6.6,16345.0
58,,,,,,,
59,tt0112714,The Confessional,1995.0,nm0503215,100.0,7.4,1669.0
60,tt0113419,The Indian in the Cupboard,1995.0,nm0000568,96.0,6.0,33502.0
61,tt0116260,Eye for an Eye,1996.0,nm0772259,101.0,6.2,22272.0
62,tt0113862,Mr. Holland's Opus,1995.0,nm0378893,144.0,7.4,44602.0
63,tt0116126,Don't Be a Menace to South Central While Drinking Your Juice in the Hood,1996.0,nm0054077,89.0,6.6,68239.0
64,tt0118002,Two If by Sea,1996.0,nm0071611,96.0,5.3,6923.0
65,tt0115683,Bio-Dome,1996.0,nm0089176,88.0,4.5,32025.0
66,,,,,,,
67,tt0114753,Two Bits,1995.0,nm0001226,85.0,6.1,3866.0
68,tt0113149,French Twist,1995.0,nm0001929,104.0,6.4,5681.0
69,tt0113118,Friday,1995.0,nm0336620,91.0,7.2,139181.0
70,tt0116367,From Dusk Till Dawn,1996.0,nm0001675,108.0,7.2,375388.0
71,tt0113010,Fair Game,1995.0,nm0802617,91.0,4.4,14856.0
72,tt0113537,Kicking and Screaming,1995.0,nm0000876,96.0,6.6,16167.0
73,,,,,,,
74,tt0115644,Bed of Roses,1996.0,nm0325533,87.0,6.1,9276.0
75,tt0115676,Big Bully,1996.0,nm0591171,90.0,4.8,5926.0
76,tt0114367,Screamers,1995.0,nm0240995,108.0,6.3,32147.0
77,tt0113973,Nico Icon,1995.0,nm0644467,67.0,7.2,785.0
78,tt0112744,The Crossing Guard,1995.0,nm0000576,111.0,6.3,15690.0
79,tt0116731,The Juror,1996.0,nm0001270,118.0,5.8,22965.0
80,tt0112445,The White Balloon,1995.0,nm0070159,85.0,7.6,9603.0
81,tt0114660,Things to Do in Denver When You're Dead,1995.0,nm0001219,115.0,6.7,32324.0
82,tt0112379,Antonia's Line,1995.0,nm0331296,102.0,7.4,10137.0
83,tt0114039,Once Upon a Time... When We Were Colored,1995.0,nm0005347,115.0,7.4,615.0
84,tt0113612,Last Summer in the Hamptons,1995.0,nm0415617,108.0,5.7,475.0
85,tt0112365,Angels and Insects,1995.0,nm0351993,116.0,6.8,5132.0
86,tt0118158,White Squall,1996.0,nm0000631,129.0,6.6,26340.0
87,tt0116151,Dunston Checks In,1996.0,nm0477129,88.0,5.4,14325.0
88,tt0115697,Black Sheep,1996.0,nm0790715,87.0,6.2,46481.0
89,tt0113972,Nick of Time,1995.0,nm0000824,89.0,6.3,48012.0
90,tt0113490,The Journey of August King,1995.0,nm0241090,91.0,6.5,1111.0
92,tt0117002,Mary Reilly,1996.0,nm0001241,108.0,5.8,16716.0
93,tt0114825,Vampire in Brooklyn,1995.0,nm0000127,100.0,4.7,27162.0
94,tt0115639,Beautiful Girls,1996.0,nm0001130,112.0,7.1,36573.0
95,tt0115759,Broken Arrow,1996.0,nm0000247,108.0,6.1,111511.0
96,,,,,,,
97,,,,,,,
98,tt0111173,Shopping,1994.0,nm0027271,87.0,5.5,3311.0
99,,,,,,,
100,tt0115907,City Hall,1996.0,nm0000887,111.0,6.2,24560.0
101,tt0115734,Bottle Rocket,1996.0,nm0027572,91.0,6.9,89174.0
102,tt0117102,Mr. Wrong,1996.0,nm0145309,96.0,3.9,5561.0
103,tt0118040,Unforgettable,1996.0,nm0001093,117.0,6.0,6505.0
104,tt0116483,Happy Gilmore,1996.0,nm0240797,92.0,7.0,312844.0
105,tt0112579,The Bridges of Madison County,1995.0,nm0000142,135.0,7.6,98214.0
106,tt0110251,Nobody Loves Me,1994.0,nm0246903,104.0,7.1,1300.0
107,tt0117110,Muppet Treasure Island,1996.0,nm0005008,99.0,7.0,30536.0
108,tt0112646,Catwalk,1995.0,"nm0320113,nm0494889",95.0,6.9,404.0
109,tt0113276,Headless Body in Topless Bar,1995.0,nm0115500,110.0,4.6,279.0
110,tt0112573,Braveheart,1995.0,nm0000154,178.0,8.3,1173665.0
111,tt0075314,Taxi Driver,1976.0,nm0000217,114.0,8.2,1044108.0
112,tt0113326,Rumble in the Bronx,1995.0,nm0867262,106.0,6.8,50406.0
113,tt0115645,Before and After,1996.0,nm0775447,108.0,6.1,11610.0
114,tt0113774,Margaret's Museum,1995.0,nm0710372,114.0,7.2,1451.0
115,tt0112556,Happiness Is in the Field,1995.0,nm0154055,106.0,7.0,3213.0
116,tt0112373,Anne Frank Remembered,1995.0,nm0086282,117.0,8.1,1484.0
117,tt0115033,The Young Poisoner's Handbook,1995.0,nm0743239,99.0,7.0,4005.0
118,tt0116606,If Lucy Fell,1996.0,nm0769703,92.0,4.9,4356.0
119,tt0114536,Steal Big Steal Little,1995.0,nm0001112,135.0,4.7,1132.0
120,tt0117427,Race the Sun,1996.0,nm0304395,100.0,5.4,3623.0
121,,,,,,,
122,tt0103859,Boomerang,1992.0,nm0399737,117.0,5.7,32936.0
123,tt0109424,Chungking Express,1994.0,nm0939182,102.0,7.9,114276.0
124,tt0114808,The Star Maker,1995.0,nm0868153,113.0,7.3,5860.0
125,tt0116324,Flirting with Disaster,1996.0,nm0751102,92.0,6.7,21205.0
126,tt0110647,The NeverEnding Story III,1994.0,nm0003423,95.0,3.2,13319.0
127,,,,,,,
128,,,,,,,
129,tt0114131,Pie in the Sky,1995.0,nm0330057,95.0,5.8,946.0
130,tt0112364,Angela,1995.0,nm0589182,99.0,6.3,1220.0
131,tt0113107,Frankie Starlight,1995.0,nm0512327,101.0,6.5,969.0
132,tt0113451,Jade,1995.0,nm0001243,95.0,5.4,15788.0
133,tt0114015,Nueba Yol,1995.0,nm0616305,106.0,7.1,531.0
134,tt0114500,Sonic Outlaws,1995.0,nm0049878,87.0,7.4,184.0
135,tt0116130,Down Periscope,1996.0,nm0911486,92.0,6.2,29197.0
136,tt0113125,From the Journals of Jean Seberg,1995.0,nm0710900,97.0,7.0,308.0
137,tt0113756,Man of the Year,1995.0,nm0787257,86.0,5.8,371.0
138,tt0113952,The Neon Bible,1995.0,nm0203993,91.0,6.2,1207.0
139,tt0114618,Target,1995.0,nm0712994,122.0,8.0,85.0
140,,,,,,,
141,tt0115685,The Birdcage,1996.0,nm0001566,117.0,7.3,118850.0
142,,,,,,,
143,tt0113200,Gospa,1995.0,nm0781341,125.0,4.0,497.0
144,tt0112585,The Brothers McMullen,1995.0,nm0122653,98.0,6.6,9235.0
145,tt0112442,Bad Boys,1995.0,nm0000881,119.0,6.8,319431.0
146,tt0112342,The Amazing Panda Adventure,1995.0,nm0128883,84.0,5.7,4681.0
147,tt0112461,The Basketball Diaries,1995.0,nm0436284,102.0,7.3,134693.0
148,tt0112427,An Awfully Big Adventure,1995.0,nm0001565,112.0,5.8,3243.0
149,tt0109093,Amateur,1994.0,nm0001325,105.0,6.7,7523.0
150,tt0112384,Apollo 13,1995.0,nm0000165,140.0,7.7,343435.0
151,tt0114287,Rob Roy,1995.0,nm0001994,139.0,6.9,49993.0
152,tt0112288,The Addiction,1995.0,nm0001206,82.0,6.5,13258.0
153,tt0112462,Batman Forever,1995.0,nm0001708,121.0,5.5,285354.0
154,tt0061395,Belle de Jour,1967.0,nm0000320,100.0,7.6,54087.0
155,tt0112495,Beyond Rangoon,1995.0,nm0000958,100.0,6.5,5750.0
156,tt0112541,Blue in the Face,1995.0,"nm0000808,nm0911061,nm0910905",83.0,6.6,10672.0
157,,,,,,,
158,tt0112642,Casper,1995.0,"nm1224299,nm0797869",100.0,6.2,161639.0
159,tt0112688,Clockers,1995.0,nm0000490,128.0,6.9,25181.0
160,tt0112715,Congo,1995.0,nm0550881,109.0,5.4,53652.0
161,tt0112740,Crimson Tide,1995.0,nm0001716,116.0,7.4,138492.0
162,tt0109508,Crumb,1994.0,nm0959062,119.0,8.0,23253.0
163,tt0112851,Desperado,1995.0,nm0001675,104.0,7.1,211036.0
164,tt0112857,Devil in a Blue Dress,1995.0,nm0002083,102.0,6.8,28042.0
165,tt0112864,Die Hard with a Vengeance,1995.0,nm0001532,128.0,7.6,433757.0
166,tt0112887,The Doom Generation,1995.0,nm0000777,83.0,6.2,19181.0
167,tt0113044,Feast of July,1995.0,nm0578757,116.0,6.2,644.0
168,tt0113071,First Knight,1995.0,nm0958387,134.0,6.0,83352.0
169,tt0113114,Free Willy 2: The Adventure Home,1995.0,nm0514546,95.0,5.1,20933.0
170,tt0113243,Hackers,1995.0,nm0812200,105.0,6.2,83133.0
171,tt0113464,Jeffrey,1995.0,nm2259353,92.0,6.8,7220.0
172,tt0113481,Johnny Mnemonic,1995.0,nm0519434,96.0,5.6,82351.0
173,tt0113492,Judge Dredd,1995.0,nm0134176,96.0,5.6,133376.0
174,tt0113500,Jury Duty,1995.0,nm0287198,88.0,4.4,9377.0
175,tt0113540,Kids,1995.0,nm0164187,91.0,7.0,92822.0
176,tt0113677,Living in Oblivion,1995.0,nm0001139,90.0,7.5,21984.0
177,tt0113690,Lord of Illusions,1995.0,nm0000850,109.0,6.1,20289.0
178,,,,,,,
179,tt0113729,Mad Love,1995.0,nm0000944,93.0,5.4,7464.0
180,tt0113749,Mallrats,1995.0,nm0003620,94.0,7.0,135323.0
181,tt0113820,Mighty Morphin Power Rangers: The Movie,1995.0,nm0818465,95.0,5.3,32313.0
182,tt0113851,Moonlight and Valentino,1995.0,nm0000770,105.0,5.7,4479.0
183,,,,,,,
184,tt0110620,Nadja,1994.0,nm0021899,93.0,6.0,3977.0
185,tt0113957,The Net,1995.0,nm0005563,114.0,6.0,80842.0
186,tt0113986,Nine Months,1995.0,nm0001060,103.0,5.5,40499.0
187,tt0114095,Party Girl,1995.0,nm0902939,94.0,6.5,9262.0
188,tt0114194,The Prophecy,1995.0,nm0927074,98.0,6.4,36102.0
189,tt0114241,Reckless,1995.0,nm0720000,91.0,5.2,538.0
190,tt0114323,Safe,1995.0,nm0001331,119.0,7.1,19744.0
191,tt0114345,The Scarlet Letter,1995.0,nm0423646,135.0,5.4,17572.0
192,tt0114435,The Show,1995.0,nm0005367,93.0,6.9,400.0
193,tt0114436,Showgirls,1995.0,nm0000682,131.0,5.2,83422.0
194,tt0114478,Smoke,1995.0,nm0911061,112.0,7.4,39069.0
195,tt0114496,Something to Talk About,1995.0,nm0002120,106.0,5.8,15393.0
196,tt0114508,Species,1995.0,nm0002044,108.0,5.9,91759.0
197,tt0114534,The Stars Fell on Henrietta,1995.0,nm0005077,109.0,6.4,907.0
198,tt0114558,Strange Days,1995.0,nm0000941,145.0,7.2,86854.0
199,tt0058450,The Umbrellas of Cherbourg,1964.0,nm0218840,91.0,7.8,35763.0
200,tt0114666,The Tie That Binds,1995.0,nm0834338,99.0,5.0,1353.0
201,tt0114663,Three Wishes,1995.0,nm0004838,115.0,6.1,3584.0
202,tt0114702,Total Eclipse,1995.0,nm0002140,111.0,6.4,16721.0
203,tt0114682,"To Wong Foo, Thanks for Everything! Julie Newmar",1995.0,nm0452319,109.0,6.9,42781.0
204,tt0114781,Under Siege 2: Dark Territory,1995.0,nm0614276,100.0,5.6,53904.0
205,tt0114798,Unstrung Heroes,1995.0,nm0000473,93.0,6.7,3415.0
206,tt0114805,Unzipped,1995.0,nm0444857,73.0,6.5,1255.0
207,tt0114887,A Walk in the Clouds,1995.0,nm0000778,102.0,6.7,39548.0
208,tt0114898,Waterworld,1995.0,nm0721817,135.0,6.3,227128.0
209,tt0114928,White Man's Burden,1995.0,nm0620290,89.0,5.3,5396.0
210,tt0114938,Wild Bill,1995.0,nm0001353,97.0,5.8,8936.0
211,tt0109340,The Browning Version,1994.0,nm0001214,97.0,7.2,3843.0
212,tt0112602,Bushwhacked,1995.0,nm0066439,90.0,5.7,7451.0
213,tt0111579,Burnt by the Sun,1994.0,nm0586482,135.0,7.8,17457.0
214,tt0110882,Before the Rain,1994.0,nm0541391,113.0,7.8,16842.0
215,tt0112471,Before Sunrise,1995.0,nm0000500,101.0,8.1,384973.0
216,tt0112508,Billy Madison,1995.0,nm0205542,89.0,6.4,169466.0
217,tt0112438,The Babysitter,1995.0,nm0272704,88.0,4.3,6788.0
218,tt0112571,Boys on the Side,1995.0,nm0006889,115.0,6.5,16459.0
219,tt0112757,The Cure,1995.0,nm0005022,97.0,7.7,12313.0
220,,,,,,,
222,tt0112679,Circle of Friends,1995.0,nm0640466,103.0,6.6,9863.0
223,tt0109445,Clerks,1994.0,nm0003620,92.0,7.7,241938.0
224,,,,,,,
225,tt0109635,Disclosure,1994.0,nm0001469,128.0,6.2,59036.0
226,,,,,,,
227,tt0109676,Drop Zone,1994.0,nm0000824,101.0,5.6,23275.0
228,tt0112854,Destiny Turns on the Radio,1995.0,nm0052944,102.0,4.6,2679.0
229,tt0109579,Death and the Maiden,1994.0,nm0000591,103.0,7.2,29297.0
230,,,,,,,
231,,,,,,,
232,tt0111797,Eat Drink Man Woman,1994.0,nm0000487,124.0,7.8,25583.0
233,tt0109759,Exotica,1994.0,nm0000382,103.0,7.0,22786.0
234,tt0109758,Exit to Eden,1994.0,nm0005190,113.0,4.3,7746.0
235,tt0109707,Ed Wood,1994.0,nm0000318,127.0,7.8,191195.0
236,tt0113117,French Kiss,1995.0,nm0001410,111.0,6.6,57154.0
237,tt0113097,Forget Paris,1995.0,nm0000345,101.0,6.5,13977.0
238,tt0113028,Far from Home: The Adventures of Yellow Dog,1995.0,nm0097491,81.0,6.3,3598.0
239,tt0113198,A Goofy Movie,1995.0,nm0510674,78.0,7.0,70963.0
240,tt0113303,Hideaway,1995.0,nm0502577,106.0,5.3,8099.0
241,tt0113089,Fluke,1995.0,nm0137363,96.0,6.6,8297.0
242,,,,,,,
243,,,,,,,
244,tt0113234,Gumby: The Movie,1995.0,nm0167029,90.0,6.0,1192.0
245,tt0109906,The Glass Shield,1994.0,nm0122344,109.0,6.1,3798.0
246,tt0110057,Hoop Dreams,1994.0,nm0416945,170.0,8.3,29851.0
247,tt0110005,Heavenly Creatures,1994.0,nm0001392,99.0,7.2,70368.0
248,,,,,,,
249,tt0110116,Immortal Beloved,1994.0,nm0741262,121.0,7.4,27813.0
250,,,,,,,
251,tt0113360,The Hunted,1995.0,nm0493369,110.0,5.9,6356.0
252,tt0110099,I.Q.,1994.0,nm0770961,100.0,6.2,27985.0
253,,,,,,,
254,tt0113463,Jefferson in Paris,1995.0,nm0412465,139.0,5.7,3326.0
255,,,,,,,
256,tt0110216,Junior,1994.0,nm0718645,109.0,4.8,78699.0
257,tt0113501,Just Cause,1995.0,nm0322865,102.0,6.4,33263.0
258,tt0113538,A Kid in King Arthur's Court,1995.0,nm0331998,89.0,4.8,7476.0
259,tt0113552,Kiss of Death,1995.0,nm0775447,101.0,6.0,20251.0
260,tt0076759,Star Wars: Episode IV - A New Hope,1977.0,nm0000184,121.0,8.6,1591473.0
261,tt0110367,Little Women,1994.0,nm0000788,115.0,7.3,69988.0
262,tt0113670,A Little Princess,1995.0,nm0190859,97.0,7.6,39564.0
263,tt0110296,Ladybird Ladybird,1994.0,nm0516360,101.0,7.4,4171.0
264,,,,,,,
265,tt0103994,Like Water for Chocolate,1992.0,nm0000778,105.0,7.1,20672.0
266,tt0110322,Legends of the Fall,1994.0,nm0001880,133.0,7.5,202441.0
267,,,,,,,
268,tt0110365,Little Odessa,1994.0,nm0336695,98.0,6.7,10263.0
269,tt0107566,My Crazy Life,1993.0,nm0025978,92.0,6.5,2665.0
270,tt0110391,Love Affair,1994.0,nm0139111,108.0,6.0,5436.0
271,tt0113691,Losing Isaiah,1995.0,nm0350455,111.0,6.4,6841.0
272,tt0110428,The Madness of King George,1994.0,nm0405336,110.0,7.2,20385.0
273,tt0109836,Mary Shelley's Frankenstein,1994.0,nm0000110,123.0,6.3,64436.0
274,tt0113755,Man of the House,1995.0,nm0650561,96.0,5.3,11377.0
275,tt0110538,Mixed Nuts,1994.0,nm0001188,97.0,5.4,14883.0
276,tt0110516,Milk Money,1994.0,nm0000907,110.0,5.7,14130.0
277,tt0110527,Miracle on 34th Street,1994.0,nm0562645,114.0,6.7,51438.0
278,tt0113808,Miami Rhapsody,1995.0,nm0291205,95.0,5.4,3729.0
279,tt0113896,My Family,1995.0,nm0622695,128.0,7.3,4894.0
280,tt0113870,Murder in the First,1995.0,nm0733692,122.0,7.3,33311.0
281,tt0110684,Nobody's Fool,1994.0,nm0000914,110.0,7.3,25015.0
282,tt0110638,Nell,1994.0,nm0000776,112.0,6.5,32751.0
283,tt0113967,New Jersey Drive,1995.0,nm0327064,98.0,6.6,3754.0
284,,,,,,,
285,,,,,,,
286,,,,,,,
287,tt0110671,Nina Takes a Lover,1994.0,nm0414312,98.0,5.3,748.0
288,tt0110632,Natural Born Killers,1994.0,nm0000231,119.0,7.2,270401.0
289,tt0110737,Only You,1994.0,nm0422484,109.0,6.5,30510.0
290,tt0110729,Once Were Warriors,1994.0,nm0848414,102.0,7.9,39765.0
291,,,,,,,
292,tt0114069,Outbreak,1995.0,nm0000583,128.0,6.6,147308.0
293,,,,,,,
294,tt0114113,The Perez Family,1995.0,nm0619762,113.0,6.0,2639.0
295,tt0114210,A Pyromaniac's Love Story,1995.0,nm0104481,94.0,5.3,1196.0
296,tt0110912,Pulp Fiction,1994.0,nm0000233,154.0,8.8,2472149.0
297,tt0114084,Panther,1995.0,nm0005522,124.0,6.4,2876.0
298,,,,,,,
299,tt0110889,Priest,1994.0,nm0000944,98.0,7.1,11872.0
300,tt0110932,Quiz Show,1994.0,nm0000602,133.0,7.5,78514.0
301,,,,,,,
302,tt0110963,Queen Margot,1994.0,nm0161717,161.0,7.4,20576.0
303,tt0114214,The Quick and the Dead,1995.0,nm0000600,108.0,6.5,115082.0
304,tt0114296,Roommates,1995.0,nm0946811,108.0,6.4,2177.0
305,tt0110907,Ready to Wear,1994.0,nm0000265,133.0,5.2,16801.0
306,tt0111495,Three Colors: Red,1994.0,nm0001425,99.0,8.0,117086.0
307,tt0108394,Three Colors: Blue,1993.0,nm0001425,98.0,7.8,119528.0
308,tt0111507,Three Colors: White,1994.0,nm0001425,92.0,7.6,85659.0
309,tt0110769,"Red Firecracker, Green Firecracker",1994.0,nm0372092,111.0,6.8,532.0
310,,,,,,,
311,tt0110965,Relative Fear,1994.0,nm0586198,94.0,5.6,420.0
312,tt0114571,Stuart Saves His Family,1995.0,nm0000601,95.0,5.3,3148.0
313,tt0111333,The Swan Princess,1994.0,nm0723704,90.0,6.5,29815.0
314,tt0111112,The Secret of Roan Inish,1994.0,nm0000626,103.0,7.4,9545.0
315,tt0111255,The Specialist,1994.0,nm0515891,110.0,5.6,74350.0
316,tt0111282,Stargate,1994.0,nm0000386,121.0,7.0,221769.0
317,tt0111070,The Santa Clause,1994.0,nm0664756,97.0,6.6,148691.0
318,tt0111161,The Shawshank Redemption,1994.0,nm0001104,142.0,9.3,3246333.0
319,tt0111149,Shallow Grave,1994.0,nm0000965,89.0,7.2,71718.0
320,tt0108260,Suture,1993.0,"nm0569166,nm0796915",96.0,6.5,2279.0
321,,,,,,,
322,,,,,,,
324,tt0111309,The Sum of Us,1994.0,"nm0123587,nm0235852",100.0,7.3,6270.0
325,tt0113936,National Lampoon's Senior Trip,1995.0,nm0538614,91.0,5.7,6765.0
326,tt0110081,To Live,1994.0,nm0955443,133.0,8.3,22737.0
327,tt0114614,Tank Girl,1995.0,nm0003080,104.0,5.4,38238.0
328,,,,,,,
329,tt0111280,Star Trek: Generations,1994.0,nm0141222,118.0,6.6,92222.0
330,tt0114609,Tales from the Hood,1995.0,nm0192090,98.0,6.6,11393.0
331,tt0111454,Tom & Viv,1994.0,nm0317981,115.0,6.2,2015.0
332,tt0114852,Village of the Damned,1995.0,nm0000118,98.0,5.7,37352.0
333,tt0114694,Tommy Boy,1995.0,nm0781842,97.0,7.1,105947.0
334,tt0111590,Vanya on 42nd Street,1994.0,nm0001501,119.0,7.3,5718.0
335,tt0114788,The Underneath,1995.0,nm0001752,99.0,6.1,4155.0
336,tt0114888,The Walking Dead,1995.0,nm0926211,88.0,5.0,958.0
337,tt0108550,What's Eating Gilbert Grape,1993.0,nm0002120,118.0,7.7,271686.0
338,tt0114857,Virtuosity,1995.0,nm0502577,106.0,5.5,35200.0
339,tt0114924,While You Were Sleeping,1995.0,nm0005509,103.0,6.8,128909.0
340,tt0111667,The War,1994.0,nm0000816,126.0,6.8,14511.0
341,tt0109655,Double Happiness,1994.0,nm0795803,87.0,7.0,1397.0
342,tt0110598,Muriel's Wedding,1994.0,nm0389591,106.0,7.3,46168.0
343,tt0112435,The Baby-Sitters Club,1995.0,nm0563039,94.0,5.8,7132.0
344,tt0109040,Ace Ventura: Pet Detective,1994.0,nm0001723,86.0,6.9,358693.0
345,tt0109045,"The Adventures of Priscilla, Queen of the Desert",1994.0,nm0254632,104.0,7.5,62670.0
346,,,,,,,
347,tt0104779,Bitter Moon,1992.0,nm0000591,139.0,7.2,46929.0
348,tt0109348,Bullets Over Broadway,1994.0,nm0000095,98.0,7.4,43565.0
349,tt0109444,Clear and Present Danger,1994.0,nm0637518,141.0,6.9,118069.0
350,tt0109446,The Client,1994.0,nm0001708,119.0,6.7,87866.0
351,tt0109484,"Corrina, Corrina",1994.0,nm0625458,115.0,6.6,15540.0
352,tt0109504,Crooklyn,1994.0,nm0000490,115.0,7.1,12503.0
353,tt0109506,The Crow,1994.0,nm0001639,102.0,7.5,233948.0
354,tt0109450,Cobb,1994.0,nm0005421,128.0,6.4,8603.0
355,tt0109813,The Flintstones,1994.0,nm0505152,91.0,5.1,93520.0
356,tt0109830,Forrest Gump,1994.0,nm0000709,142.0,8.8,2540292.0
357,tt0109831,Four Weddings and a Funeral,1994.0,nm0001565,117.0,7.1,184762.0
358,tt0113305,Higher Learning,1995.0,nm0005436,128.0,6.5,23672.0
359,tt0110091,I Like It Like That,1994.0,nm0552140,104.0,6.8,2077.0
360,tt0110093,I Love Trouble,1994.0,nm0796124,123.0,5.4,13373.0
361,tt0110167,It Could Happen to You,1994.0,nm0000921,101.0,6.4,49817.0
362,tt0110213,The Jungle Book,1994.0,nm0814085,111.0,6.1,20281.0
363,tt0107472,"The Wonderful, Horrible Life of Leni Riefenstahl",1993.0,nm0618284,183.0,8.0,3175.0
364,tt0110357,The Lion King,1994.0,"nm0021249,nm0591450",88.0,8.5,1279994.0
365,tt0107426,Little Buddha,1993.0,nm0000934,123.0,6.2,19419.0
366,,,,,,,
367,tt0110475,The Mask,1994.0,nm0751080,101.0,7.0,478203.0
368,tt0110478,Maverick,1994.0,nm0001149,127.0,7.0,126192.0
369,tt0110588,Mrs. Parker and the Vicious Circle,1994.0,nm0748928,125.0,6.4,5112.0
370,tt0110622,Naked Gun 33 1/3: The Final Insult,1994.0,nm0781842,83.0,6.5,129971.0
371,tt0110771,The Paper,1994.0,nm0000165,112.0,6.7,17575.0
372,tt0110950,Reality Bites,1994.0,nm0001774,99.0,6.6,58320.0
373,,,,,,,
374,tt0110989,Richie Rich,1994.0,nm0677953,95.0,5.5,80229.0
375,tt0111054,Safe Passage,1994.0,nm0010012,98.0,6.3,1434.0
376,tt0110997,The River Wild,1994.0,nm0000436,111.0,6.5,54321.0
377,tt0111257,Speed,1994.0,nm0000957,116.0,7.3,428449.0
378,tt0111256,Speechless,1994.0,nm0881038,99.0,5.8,5671.0
379,tt0111438,Timecop,1994.0,nm0001382,99.0,6.0,70809.0
380,tt0111503,True Lies,1994.0,nm0000116,141.0,7.3,303869.0
381,tt0111693,When a Man Loves a Woman,1994.0,nm0001502,126.0,6.6,25271.0
382,tt0111742,Wolf,1994.0,nm0001566,125.0,6.3,65124.0
383,tt0111756,Wyatt Earp,1994.0,nm0001410,191.0,6.7,60146.0
384,tt0112443,Bad Company,1995.0,nm0364578,108.0,5.4,3594.0
385,tt0110455,A Man of No Importance,1994.0,nm0471461,99.0,6.7,1326.0
386,tt0111048,S.F.W.,1994.0,nm0506461,96.0,5.8,5687.0
387,tt0110399,A Low Down Dirty Shame,1994.0,nm0005540,100.0,5.9,8507.0
388,,,,,,,
389,,,,,,,
390,tt0059170,"Faster, Pussycat! Kill! Kill!",1965.0,nm0000540,83.0,6.6,17590.0
391,tt0110186,Jason's Lyric,1994.0,nm0570408,119.0,6.6,5190.0
392,tt0108069,The Secret Adventures of Tom Thumb,1993.0,nm0097529,60.0,7.2,1720.0
393,tt0111301,Street Fighter,1994.0,nm0211823,102.0,4.2,80335.0
394,tt0112702,Coldblooded,1995.0,nm0938645,92.0,6.7,4338.0
395,,,,,,,
396,tt0113014,Fall Time,1995.0,nm0912557,88.0,5.4,2194.0
397,tt0113043,The Fear,1995.0,nm0730722,102.0,3.9,1763.0
398,tt0113104,Frank and Ollie,1995.0,nm0859579,89.0,7.6,1212.0
399,tt0113173,Girl in the Cadillac,1995.0,nm0686884,89.0,5.0,283.0
400,,,,,,,
401,tt0113827,Mirage,1995.0,nm0931435,92.0,4.9,244.0
402,,,,,,,
403,,,,,,,
404,tt0109339,Brother Minister: The Assassination of Malcolm X,1994.0,"nm0007366,nm0062743",115.0,7.4,106.0
405,,,,,,,
406,tt0109785,Federal Hill,1994.0,nm0180912,97.0,6.3,518.0
407,,,,,,,
408,tt0109021,8 Seconds,1994.0,nm0000814,105.0,6.7,6497.0
409,tt0109035,Above the Rim,1994.0,nm0689385,96.0,6.6,18481.0
410,tt0106220,Addams Family Values,1993.0,nm0001756,94.0,6.9,124897.0
411,,,,,,,
412,tt0106226,The Age of Innocence,1993.0,nm0000217,139.0,7.2,75829.0
413,tt0109068,Airheads,1994.0,nm0499724,92.0,6.2,60321.0
414,tt0109067,The Air Up There,1994.0,nm0001274,107.0,5.6,9969.0
415,tt0106292,Another Stakeout,1993.0,nm0000824,108.0,5.6,16363.0
416,tt0109198,Bad Girls,1994.0,nm0438279,99.0,5.3,14431.0
417,tt0109219,Barcelona,1994.0,nm0001775,101.0,7.0,7109.0
418,,,,,,,
419,tt0106400,The Beverly Hillbillies,1993.0,nm0790715,92.0,5.1,21574.0
420,tt0109254,Beverly Hills Cop III,1994.0,nm0000484,104.0,5.5,101429.0
421,tt0109279,Black Beauty,1994.0,nm0003031,88.0,6.6,11462.0
422,tt0109297,Blink,1994.0,nm0000776,106.0,6.2,9874.0
423,tt0109303,Blown Away,1994.0,nm0394280,121.0,6.3,37261.0
424,tt0109305,Blue Chips,1994.0,nm0001243,108.0,6.3,16585.0
425,tt0109306,Blue Sky,1994.0,nm0724798,101.0,6.4,9148.0
426,tt0106452,Body Snatchers,1993.0,nm0001206,87.0,6.0,22474.0
427,tt0106471,Boxing Helena,1993.0,nm0528337,107.0,4.8,14129.0
428,tt0106489,A Bronx Tale,1993.0,nm0000134,121.0,7.8,190839.0
429,tt0109361,Cabin Boy,1994.0,nm0720304,80.0,5.4,9749.0
430,tt0106505,Calendar Girl,1993.0,nm0925870,90.0,5.2,2657.0
431,tt0106519,Carlito's Way,1993.0,nm0000361,144.0,7.9,251355.0
432,tt0109439,City Slickers II: The Legend of Curly's Gold,1994.0,nm0917992,116.0,5.6,21934.0
433,tt0109443,Clean Slate,1994.0,nm0413875,107.0,5.7,4394.0
434,tt0106582,Cliffhanger,1993.0,nm0001317,113.0,6.5,150055.0
435,tt0106598,Coneheads,1993.0,nm0006625,88.0,5.5,62906.0
436,tt0109456,Color of Night,1994.0,nm0750701,121.0,5.2,27814.0
437,tt0109480,Cops and Robbersons,1994.0,nm0006916,93.0,5.3,8058.0
438,tt0109493,The Cowboy Way,1994.0,nm0150707,102.0,6.0,9961.0
439,tt0106660,Dangerous Game,1993.0,nm0001206,108.0,5.6,4776.0
440,tt0106673,Dave,1993.0,nm0718645,110.0,6.9,60807.0
441,tt0106677,Dazed and Confused,1993.0,nm0000500,103.0,7.6,219252.0
442,tt0106697,Demolition Man,1993.0,nm0104193,115.0,6.7,211567.0
443,tt0109729,The Endless Summer 2,1994.0,nm0113164,109.0,7.6,2182.0
444,tt0106834,Even Cowgirls Get the Blues,1993.0,nm0001814,106.0,4.3,8306.0
445,tt0106873,Fatal Instinct,1993.0,nm0005348,91.0,5.8,9005.0
446,tt0106332,Farewell My Concubine,1993.0,nm0155280,171.0,8.1,37818.0
447,tt0109783,The Favor,1994.0,nm0677953,97.0,5.2,3603.0
448,tt0106881,Fearless,1993.0,nm0001837,122.0,7.0,26456.0
449,tt0106880,Fear of a Black Hat,1993.0,nm0192090,88.0,7.2,4925.0
450,tt0111732,With Honors,1994.0,nm0450194,101.0,6.8,18497.0
451,tt0106926,Flesh and Bone,1993.0,nm0460141,126.0,6.3,6620.0
452,tt0111712,Widows' Peak,1994.0,nm0410139,101.0,6.6,2105.0
453,tt0106941,For Love or Money,1993.0,nm0001756,96.0,6.2,16946.0
454,tt0106918,The Firm,1993.0,nm0001628,154.0,6.9,164891.0
455,tt0106965,Free Willy,1993.0,nm0934578,112.0,6.1,90476.0
456,tt0109842,Fresh,1994.0,nm0945026,114.0,7.5,16493.0
457,tt0106977,The Fugitive,1993.0,nm0001112,130.0,7.8,350932.0
458,tt0107004,Geronimo: An American Legend,1993.0,nm0001353,115.0,6.6,15600.0
459,tt0109890,The Getaway,1994.0,nm0002044,115.0,5.9,21703.0
460,tt0109891,Getting Even with Dad,1994.0,nm0222043,109.0,4.9,9466.0
461,tt0109913,Go Fish,1994.0,nm0873266,83.0,5.8,2650.0
462,tt0109920,A Good Man in Africa,1994.0,nm0000915,94.0,5.1,2821.0
463,tt0107057,Guilty as Sin,1993.0,nm0001486,107.0,5.7,6354.0
464,tt0107076,Hard Target,1993.0,nm0000247,97.0,6.2,60772.0
465,tt0107096,Heaven & Earth,1993.0,nm0000231,140.0,6.8,16307.0
466,tt0107144,Hot Shots! Part Deux,1993.0,nm0000720,86.0,6.6,104826.0
467,tt0113674,Live Nude Girls,1995.0,nm0492087,95.0,5.2,2135.0
468,tt0112966,The Englishman Who Went Up a Hill But Came Down a Mountain,1995.0,nm0003355,99.0,6.6,19834.0
469,tt0107151,The House of the Spirits,1993.0,nm0000806,145.0,6.9,26803.0
470,tt0110064,House Party 3,1994.0,nm0583754,100.0,4.7,5851.0
471,tt0110074,The Hudsucker Proxy,1994.0,"nm0001054,nm0001053",111.0,7.2,91032.0
472,tt0110097,I'll Do Anything,1994.0,nm0000985,115.0,5.5,3036.0
473,tt0110123,In the Army Now,1994.0,nm0677943,91.0,5.0,15779.0
474,tt0107206,In the Line of Fire,1993.0,nm0000583,128.0,7.2,124725.0
475,tt0107207,In the Name of the Father,1993.0,nm0006487,133.0,8.1,205035.0
476,tt0110137,The Inkwell,1994.0,nm0723685,110.0,6.4,1750.0
477,tt0108551,What's Love Got to Do with It,1993.0,nm0001270,118.0,7.4,25978.0
478,tt0110197,Jimmy Hollywood,1994.0,nm0001469,112.0,5.3,3849.0
479,tt0107286,Judgment Night,1993.0,nm0394280,110.0,6.6,21399.0
480,tt0107290,Jurassic Park,1993.0,nm0000229,127.0,8.2,1201361.0
481,tt0107302,Kalifornia,1993.0,nm0784061,117.0,6.7,63507.0
482,,,,,,,
483,tt0107322,King of the Hill,1993.0,nm0001752,103.0,7.3,9472.0
484,tt0110305,Lassie,1994.0,nm0677951,94.0,5.9,6719.0
485,tt0107362,Last Action Hero,1993.0,nm0001532,130.0,6.5,175336.0
486,tt0107413,Life with Mikey,1993.0,nm0487567,91.0,5.7,7117.0
487,tt0110353,Lightning Jack,1994.0,nm0934578,98.0,5.5,7662.0
488,tt0107468,M. Butterfly,1993.0,nm0000343,101.0,6.7,11895.0
489,tt0107478,Made in America,1993.0,nm0000907,111.0,5.2,18892.0
490,tt0107497,Malice,1993.0,nm0000887,107.0,6.5,31692.0
491,tt0107501,The Man Without a Face,1993.0,nm0000154,115.0,6.7,33215.0
492,tt0107507,Manhattan Murder Mystery,1993.0,nm0000095,104.0,7.3,50234.0
493,tt0107554,Menace II Society,1993.0,"nm0400436,nm0400441",97.0,7.5,71184.0
494,tt0116253,Executive Decision,1996.0,nm0000829,133.0,6.5,66116.0
495,tt0074102,In the Realm of the Senses,1976.0,nm0651915,109.0,6.6,25601.0
496,tt0111689,What Happened Was...,1994.0,nm0006888,91.0,7.3,2940.0
497,tt0107616,Much Ado About Nothing,1993.0,nm0000110,111.0,7.3,56330.0
498,tt0107611,Mr. Jones,1993.0,"nm0001214,nm0000750",114.0,5.9,8061.0
499,tt0107613,Mr. Wonderful,1993.0,nm0005237,98.0,5.9,3872.0
500,tt0107614,Mrs. Doubtfire,1993.0,nm0001060,125.0,7.1,320670.0
501,tt0107653,Naked,1993.0,nm0005139,131.0,7.6,49506.0
502,tt0110657,The Next Karate Kid,1994.0,nm0128883,107.0,4.6,38708.0
503,tt0110649,The New Age,1994.0,nm0866062,112.0,5.6,1387.0
504,tt0110678,No Escape,1994.0,nm0132709,118.0,6.1,24700.0
505,tt0110687,North,1994.0,nm0001661,87.0,4.6,15816.0
506,,,,,,,
507,tt0107808,A Perfect World,1993.0,nm0000142,138.0,7.5,94916.0
508,tt0107818,Philadelphia,1993.0,nm0001129,125.0,7.7,277186.0
509,tt0107822,The Piano,1993.0,nm0001005,121.0,7.5,102650.0
510,tt0107840,Poetic Justice,1993.0,nm0005436,109.0,6.2,18769.0
511,tt0107889,The Program,1993.0,nm0911486,112.0,6.5,12409.0
512,,,,,,,
513,tt0110939,Radioland Murders,1994.0,nm0809321,108.0,6.2,4178.0
514,tt0110955,The Ref,1994.0,nm0001130,97.0,6.9,28843.0
515,tt0107943,The Remains of the Day,1993.0,nm0412465,134.0,7.8,94377.0
516,tt0110971,Renaissance Man,1994.0,nm0001508,128.0,6.2,20566.0
517,tt0107969,Rising Sun,1993.0,nm0442241,129.0,6.3,50750.0
518,tt0111001,The Road to Wellville,1994.0,nm0000570,118.0,5.9,14155.0
519,tt0107978,RoboCop 3,1993.0,nm0215269,104.0,4.2,57978.0
520,tt0107977,Robin Hood: Men in Tights,1993.0,nm0000316,104.0,6.7,147515.0
521,tt0107983,Romeo Is Bleeding,1993.0,nm0575389,110.0,6.5,17151.0
522,tt0105275,Romper Stomper,1992.0,nm0942408,94.0,6.8,43901.0
523,tt0108000,Ruby in Paradise,1993.0,nm0638033,114.0,6.9,3459.0
524,tt0108002,Rudy,1993.0,nm0000770,114.0,7.5,75751.0
525,tt0108026,The Saint of Fort Washington,1993.0,nm0006853,103.0,7.0,3110.0
526,tt0105032,Savage Nights,1992.0,nm0171664,126.0,6.8,2613.0
527,tt0108052,Schindler's List,1993.0,nm0000229,196.0,9.0,1606270.0
528,tt0111094,The Scout,1994.0,nm0006916,101.0,5.5,7487.0
529,tt0108065,Searching for Bobby Fischer,1993.0,nm0001873,109.0,7.3,45142.0
530,tt0111102,Second Best,1994.0,nm0579580,105.0,6.8,2137.0
531,tt0108071,The Secret Garden,1993.0,nm0002140,101.0,7.3,47866.0
532,tt0111127,Serial Mom,1994.0,nm0000691,95.0,6.9,38587.0
533,tt0111143,The Shadow,1994.0,nm0611683,108.0,6.1,29521.0
534,tt0108101,Shadowlands,1993.0,nm0000277,131.0,7.3,21761.0
535,tt0108122,Short Cuts,1993.0,nm0000265,188.0,7.6,50409.0
536,tt0111194,A Simple Twist of Fate,1994.0,nm0533564,106.0,6.3,6719.0
537,tt0111201,Sirens,1994.0,nm0241090,98.0,5.9,12431.0
538,tt0108149,Six Degrees of Separation,1993.0,nm0770961,112.0,6.7,24454.0
539,tt0108160,Sleepless in Seattle,1993.0,nm0001188,105.0,6.8,210415.0
540,tt0108162,Sliver,1993.0,nm0637518,107.0,5.1,38190.0
541,tt0083658,Blade Runner,1982.0,nm0000631,117.0,8.1,892763.0
542,tt0108186,Son in Law,1993.0,nm0711114,95.0,6.0,23941.0
543,tt0108174,So I Married an Axe Murderer,1993.0,nm0772095,93.0,6.5,46500.0
544,tt0108238,Striking Distance,1993.0,nm0380705,102.0,5.9,53688.0
545,,,,,,,
546,tt0108255,Super Mario Bros.,1993.0,"nm0417708,nm0608084",104.0,4.2,68484.0
547,tt0111323,Surviving the Game,1994.0,nm0225416,96.0,6.2,14604.0
548,tt0111400,Terminal Velocity,1994.0,nm0764776,102.0,5.6,15682.0
549,tt0108328,Thirty Two Short Films About Glenn Gould,1993.0,nm0320660,98.0,7.3,4283.0
550,tt0111418,Threesome,1994.0,nm0281598,93.0,6.3,14380.0
551,tt0107688,The Nightmare Before Christmas,1993.0,nm0783139,76.0,7.9,416212.0
552,tt0108333,The Three Musketeers,1993.0,nm0378893,105.0,6.4,65233.0
553,tt0108358,Tombstone,1993.0,nm0181902,130.0,7.8,195758.0
554,tt0111488,Trial by Jury,1994.0,nm0332392,107.0,5.5,2199.0
555,tt0108399,True Romance,1993.0,nm0001716,119.0,7.9,264455.0
556,tt0108515,The War Room,1993.0,"nm0373698,nm0672060",96.0,7.3,4763.0
557,tt0056215,Mamma Roma,1962.0,nm0001596,110.0,7.7,11581.0
558,tt0110763,The Pagemaster,1994.0,nm0402563,75.0,6.2,28327.0
559,tt0107779,"Paris, France",1993.0,nm0162013,112.0,5.1,609.0
560,tt0109226,"The Beans of Egypt, Maine",1994.0,nm0912874,99.0,5.3,310.0
561,,,,,,,
562,tt0114906,Welcome to the Dollhouse,1995.0,nm0001754,88.0,7.3,41049.0
563,tt0107002,Germinal,1993.0,nm0001945,160.0,7.1,6239.0
564,tt0109403,Chasers,1994.0,nm0000454,102.0,5.2,7663.0
565,tt0104029,Cronos,1992.0,nm0868219,94.0,6.7,37026.0
566,,,,,,,
567,tt0107315,Kika,1993.0,nm0000264,114.0,6.5,16175.0
568,tt0106408,Bhaji on the Beach,1993.0,nm0149446,101.0,6.4,1330.0
569,tt0110363,Little Big League,1994.0,nm0770650,119.0,6.2,12582.0
570,tt0107349,The Slingshot,1993.0,nm0761879,102.0,6.5,2390.0
571,,,,,,,
572,tt0109828,Foreign Student,1994.0,nm0785011,90.0,5.9,378.0
573,,,,,,,
574,tt0111252,Spanking the Monkey,1994.0,nm0751102,100.0,6.3,7117.0
575,tt0110366,The Little Rascals,1994.0,nm0790715,82.0,6.4,62482.0
576,,,,,,,
577,tt0109120,Andre,1994.0,nm0004305,94.0,5.7,7802.0
578,,,,,,,
579,,,,,,,
580,tt0110892,Princess Caraboo,1994.0,nm0042472,97.0,6.0,3260.0
581,tt0112651,The Celluloid Closet,1995.0,"nm0258531,nm0295243",102.0,7.8,8148.0
582,tt0107642,Métisse,1993.0,nm0440913,94.0,6.1,1280.0
583,,,,,,,
584,tt0106678,I Don't Want to Talk About It,1993.0,nm0069833,102.0,6.9,427.0
585,tt0112572,The Brady Bunch Movie,1995.0,nm0858525,90.0,6.3,26566.0
586,tt0099785,Home Alone,1990.0,nm0001060,103.0,7.8,756046.0
587,tt0099653,Ghost,1990.0,nm0958387,126.0,7.1,259859.0
588,tt0103639,Aladdin,1992.0,"nm0166256,nm0615780",90.0,8.0,506350.0
589,tt0103064,Terminator 2: Judgment Day,1991.0,nm0000116,137.0,8.6,1303943.0
590,tt0099348,Dances with Wolves,1990.0,nm0000126,181.0,8.0,313521.0
591,tt0114706,Tough and Deadly,1995.0,nm0000712,92.0,5.8,713.0
592,tt0096895,Batman,1989.0,nm0000318,126.0,7.5,436807.0
593,tt0102926,The Silence of the Lambs,1991.0,nm0001129,118.0,8.6,1753789.0
594,tt0029583,Snow White and the Seven Dwarfs,1937.0,"nm0183183,nm0359457,nm0414144,nm0604392,nm0668998,nm0789313",83.0,7.6,240750.0
595,tt0101414,Beauty and the Beast,1991.0,"nm0873779,nm0936374",84.0,8.0,510138.0
596,tt0032910,Pinocchio,1940.0,"nm0272568,nm0373429,nm0414144,nm0455741,nm0527217,nm0730860,nm0789313",88.0,7.4,174816.0
597,tt0100405,Pretty Woman,1990.0,nm0005190,119.0,7.1,412736.0
598,,,,,,,
599,tt0065214,The Wild Bunch,1969.0,nm0001603,135.0,7.9,94882.0
600,tt0110395,Love and a .45,1994.0,nm0848092,101.0,6.0,5190.0
601,tt0111752,The Wooden Man's Bride,1994.0,nm0399003,113.0,6.9,259.0
602,tt0109934,A Great Day in Harlem,1994.0,nm0045321,60.0,7.4,528.0
603,tt0112606,Bye Bye Love,1995.0,nm0918873,106.0,6.2,5575.0
604,,,,,,,
605,tt0117247,One Fine Day,1996.0,nm0001355,108.0,6.5,51117.0
606,tt0112625,Candyman: Farewell to the Flesh,1995.0,nm0174374,95.0,5.3,15918.0
607,tt0106537,Century,1993.0,nm0689081,112.0,6.2,442.0
608,tt0116282,Fargo,1996.0,"nm0001054,nm0001053",98.0,8.1,798936.0
609,tt0116552,Homeward Bound II: Lost in San Francisco,1996.0,nm0254786,88.0,5.9,17530.0
610,tt0082509,Heavy Metal,1981.0,"nm0693376,nm0116497,nm0354691,nm0844301,nm0613471,nm0625166,nm0754678,nm0831349,nm0887351,nm0924266",86.0,6.6,42305.0
611,tt0116514,Hellraiser: Bloodline,1996.0,nm0944892,85.0,5.1,27360.0
612,tt0117283,The Pallbearer,1996.0,nm0716257,98.0,5.0,11474.0
613,tt0116684,Jane Eyre,1996.0,nm0001874,112.0,6.8,10864.0
614,tt0110374,Loaded,1994.0,nm0133044,96.0,4.5,603.0
615,,,,,,,
616,tt0065421,The Aristocats,1970.0,nm0718627,78.0,7.1,127107.0
617,tt0113083,The Flower of My Secret,1995.0,nm0000264,103.0,7.0,13899.0
618,,,,,,,
619,tt0116165,Ed,1996.0,nm0184323,94.0,2.8,9163.0
620,tt0102855,Scream of Stone,1991.0,nm0001348,105.0,6.2,1668.0
621,tt0107471,My Favorite Season,1993.0,nm0029242,127.0,6.9,2377.0
623,,,,,,,
624,tt0112712,Condition Red,1995.0,nm0442455,83.0,4.8,394.0
625,,,,,,,
626,tt0117891,A Thin Line Between Love and Hate,1996.0,nm0001454,108.0,5.7,6121.0
627,tt0113613,The Last Supper,1995.0,nm0864468,92.0,6.7,16533.0
628,tt0117381,Primal Fear,1996.0,nm0387706,129.0,7.7,298748.0
629,tt0114305,Rude,1995.0,nm0899364,89.0,6.1,274.0
630,tt0115837,Carried Away,1996.0,nm0000853,109.0,6.3,1853.0
631,tt0115509,All Dogs Go to Heaven 2,1996.0,"nm0500858,nm0754678",82.0,5.5,7363.0
632,tt0114671,Land and Freedom,1995.0,nm0516360,109.0,7.5,12995.0
633,tt0112844,Denise Calls Up,1995.0,nm0759410,80.0,6.6,1441.0
634,tt0114658,Theodore Rex,1995.0,nm0079471,92.0,2.4,5149.0
635,tt0116275,A Family Thing,1996.0,nm0669004,109.0,7.1,5059.0
636,tt0113122,Frisk,1995.0,nm0894812,88.0,4.9,839.0
637,tt0117608,Sgt. Bilko,1996.0,nm0528718,94.0,5.9,25332.0
638,,,,,,,
639,tt0116414,Girl 6,1996.0,nm0000490,108.0,5.4,6982.0
640,tt0116095,Diabolique,1996.0,nm0154819,107.0,5.5,16636.0
641,tt0111543,"Little Indian, Big City",1994.0,nm0658836,90.0,5.7,5172.0
642,tt0117517,Roula,1995.0,nm0257845,97.0,6.2,171.0
643,tt0117312,Peanuts - Die Bank zahlt alles,1996.0,nm0738001,95.0,5.7,125.0
644,tt0116485,Happy Weekend,1996.0,nm0381305,86.0,5.4,64.0
645,tt0113947,Nelly & Monsieur Arnaud,1995.0,nm0767110,106.0,7.2,5500.0
647,tt0115956,Courage Under Fire,1996.0,nm0001880,116.0,6.6,64338.0
648,tt0117060,Mission: Impossible,1996.0,nm0000361,110.0,7.2,524160.0
649,,,,,,,
650,tt0117071,Moll Flanders,1996.0,nm0219720,123.0,6.4,4781.0
651,,,,,,,
652,tt0112257,"301, 302",1995.0,nm0661799,100.0,6.4,1294.0
653,tt0116136,DragonHeart,1996.0,nm0003418,103.0,6.4,105560.0
654,,,,,,,
655,,,,,,,
656,tt0116168,Eddie,1996.0,nm0711114,100.0,5.2,10679.0
657,,,,,,,
658,tt0112509,Billy's Holiday,1995.0,nm0924103,92.0,5.2,171.0
659,tt0054189,Purple Noon,1960.0,nm0167496,118.0,7.7,24598.0
660,tt0115591,August,1996.0,nm0000164,94.0,5.8,920.0
661,tt0116683,James and the Giant Peach,1996.0,nm0783139,79.0,6.7,79456.0
662,tt0116287,Fear,1996.0,nm0001226,97.0,6.3,64433.0
663,tt0116768,Kids in the Hall: Brain Candy,1996.0,nm0538614,89.0,6.9,9827.0
664,tt0116269,Faithful,1996.0,nm0005196,91.0,5.7,2421.0
665,tt0114787,Underground,1995.0,nm0001437,167.0,8.0,64626.0
666,,,,,,,
667,,,,,,,
668,tt0048473,Pather Panchali,1955.0,nm0006249,125.0,8.2,42374.0
669,tt0048956,Aparajito,1956.0,nm0006249,110.0,8.2,20367.0
670,tt0052572,The World of Apu,1959.0,nm0006249,105.0,8.4,20750.0
671,tt0117128,Mystery Science Theater 3000: The Movie,1996.0,nm0540075,73.0,7.1,19370.0
672,tt0114616,Tarantella,1995.0,nm0210333,100.0,5.2,186.0
673,tt0117705,Space Jam,1996.0,nm0701592,88.0,6.5,232316.0
674,tt0062711,Barbarella,1968.0,nm0671862,98.0,5.9,41336.0
675,,,,,,,
676,,,,,,,
678,,,,,,,
679,tt0114307,The Run of the Country,1995.0,nm0946811,109.0,6.2,511.0
680,tt0058898,Alphaville,1965.0,nm0000419,99.0,6.9,30439.0
681,,,,,,,
682,tt0111430,Tigrero: A Film That Was Never Made,1994.0,nm0442455,75.0,6.8,470.0
683,tt0107727,The Eye of Vichy,1993.0,nm0001031,110.0,7.2,375.0
684,tt0081759,Windows,1980.0,nm0932336,96.0,4.8,1147.0
685,,,,,,,
687,tt0109491,Country Life,1994.0,nm0086820,118.0,6.6,895.0
688,tt0114048,Operation Dumbo Drop,1995.0,nm0934578,107.0,5.3,10335.0
690,,,,,,,
691,tt0117104,Mrs. Winterbourne,1996.0,nm0000907,105.0,6.3,9420.0
692,tt0117688,Solo,1996.0,nm0053157,94.0,4.1,4740.0
693,,,,,,,
694,tt0117774,The Substitute,1996.0,nm0541677,114.0,6.1,18724.0
695,,,,,,,
696,tt0112604,Butterfly Kiss,1995.0,nm0935863,88.0,6.3,2269.0
697,tt0116289,Feeling Minnesota,1996.0,nm0047076,99.0,5.4,12126.0
698,,,,,,,
699,tt0103095,To Cross the Rubicon,1991.0,nm0128835,,5.9,43.0
700,tt0112368,Angus,1995.0,nm0425957,90.0,6.7,7576.0
701,tt0104046,Daens,1992.0,nm0174659,138.0,7.5,4677.0
702,tt0062952,Faces,1968.0,nm0001023,130.0,7.4,12939.0
703,tt0115742,Boys,1996.0,nm0168214,86.0,4.9,3978.0
704,tt0117420,The Quest,1996.0,nm0000241,95.0,5.6,30420.0
705,tt0115951,Cosi,1996.0,nm0423623,100.0,6.6,2434.0
706,tt0117784,Sunset Park,1996.0,nm0326837,99.0,6.0,2044.0
707,tt0117107,Mulholland Falls,1996.0,nm0848414,107.0,6.3,21470.0
708,tt0117979,The Truth About Cats & Dogs,1996.0,nm0499724,97.0,6.3,29128.0
709,tt0095776,Oliver & Company,1988.0,nm0780117,74.0,6.6,57811.0
710,tt0115851,Celtic Pride,1996.0,nm0213726,91.0,5.3,11256.0
711,tt0116322,Flipper,1996.0,nm0788454,95.0,5.4,12781.0
712,tt0109374,Captives,1994.0,nm0691078,100.0,6.2,2678.0
713,tt0110712,Of Love and Shadows,1994.0,nm0438201,103.0,4.9,2671.0
714,tt0112817,Dead Man,1995.0,nm0000464,121.0,7.5,109986.0
715,tt0113362,The Horseman on the Roof,1995.0,nm0710919,118.0,7.0,6715.0
716,tt0073778,Switchblade Sisters,1975.0,nm0384335,91.0,6.5,4905.0
717,tt0112546,Mouth to Mouth,1995.0,nm0350957,106.0,6.3,1873.0
718,tt0108500,The Visitors,1993.0,nm0688585,107.0,7.0,41635.0
719,tt0117108,Multiplicity,1996.0,nm0000601,117.0,6.2,37517.0
720,,,,,,,
721,,,,,,,
722,tt0113270,The Haunted World of Edward D. Wood Jr.,1995.0,nm0859920,89.0,7.3,519.0
723,,,,,,,
724,tt0115963,The Craft,1996.0,nm0281598,101.0,6.5,121497.0
725,tt0116448,The Great White Hype,1996.0,nm0399737,91.0,5.5,9896.0
726,tt0116827,Last Dance,1996.0,nm0000915,103.0,5.7,4945.0
727,tt0114894,War Stories,1995.0,nm0696414,95.0,7.9,68.0
728,,,,,,,
729,,,,,,,
730,,,,,,,
731,tt0116508,Heaven's Prisoners,1996.0,nm0423333,132.0,5.8,6220.0
732,tt0117260,Original Gangstas,1996.0,"nm0169540,nm0004365",99.0,5.7,2245.0
733,tt0117500,The Rock,1996.0,nm0000881,136.0,7.4,385002.0
734,tt0116405,Getting Away with Murder,1996.0,nm0588458,91.0,4.7,1482.0
735,tt0109592,Cemetery Man,1994.0,nm0811714,103.0,7.0,26603.0
736,tt0117998,Twister,1996.0,nm0000957,113.0,6.6,254134.0
737,tt0115624,Barb Wire,1996.0,nm0389514,98.0,3.6,32336.0
738,,,,,,,
739,tt0116559,Honigmond,1996.0,nm0059509,92.0,4.1,61.0
741,tt0113568,Ghost in the Shell,1995.0,nm0651900,83.0,7.9,177426.0
742,tt0117894,Thinner,1996.0,nm0276169,93.0,5.8,37531.0
743,tt0117723,Spy Hard,1996.0,nm0295007,81.0,5.3,43356.0
744,tt0112586,Brothers in Trouble,1995.0,nm0006841,102.0,6.6,183.0
745,,,,,,,
746,tt0040366,Force of Evil,1948.0,nm0689796,79.0,7.2,8668.0
747,tt0117768,The Stupids,1996.0,nm0000484,94.0,4.4,7673.0
748,tt0115571,The Arrival,1996.0,nm0878638,115.0,6.2,42492.0
749,tt0031612,The Man from Down Under,1943.0,nm0502752,103.0,6.0,255.0
750,,,,,,,
751,tt0103926,Careful,1992.0,nm0534665,100.0,7.0,2064.0
752,tt0105737,Vermont Is for Lovers,1992.0,nm0639618,88.0,6.9,35.0
753,tt0113849,A Month by the Lake,1995.0,nm0410139,92.0,6.1,2794.0
754,tt0113188,Gold Diggers: The Secret of Bear Mountain,1995.0,nm0229914,93.0,6.1,5419.0
755,tt0042644,Kim,1950.0,nm0767701,113.0,6.5,2399.0
756,,,,,,,
757,tt0109688,Ashes of Time,1994.0,nm0939182,100.0,7.0,18482.0
758,tt0104606,The Jar,1992.0,nm0286571,82.0,7.2,391.0
759,tt0110480,Maya Lin: A Strong Clear Vision,1994.0,nm0595131,105.0,7.3,589.0
760,tt0108211,Stalingrad,1993.0,nm0005917,134.0,7.5,39724.0
761,tt0117331,The Phantom,1996.0,nm0934578,100.0,5.1,38040.0
762,tt0117765,Striptease,1996.0,nm0000921,115.0,4.6,52216.0
763,tt0116833,The Last of the High Kings,1996.0,nm0444096,103.0,6.1,2063.0
764,tt0113280,Heavy,1995.0,nm0003506,105.0,6.7,6375.0
765,tt0116669,Jack,1996.0,nm0000338,113.0,5.8,66581.0
766,tt0116594,I Shot Andy Warhol,1996.0,nm0366004,103.0,6.6,7526.0
767,tt0113211,The Grass Harp,1995.0,nm0559879,107.0,6.6,20028.0
768,tt0114494,Someone Else's America,1995.0,nm0664607,96.0,6.9,794.0
769,,,,,,,
770,tt0038426,Costa Brava,1946.0,nm0281541,77.0,,
771,,,,,,,
772,tt0105201,Quartier Mozart,1992.0,nm0067464,80.0,6.4,114.0
773,,,,,,,
774,tt0084898,Wend Kuuni,1982.0,nm0434095,75.0,6.6,301.0
775,tt0063715,Spirits of the Dead,1968.0,"nm0000019,nm0001501,nm0671862",121.0,6.4,7877.0
776,tt0109191,Babyfever,1994.0,"nm0289439,nm0415617",109.0,5.2,182.0
777,tt0114122,Pharaoh's Army,1995.0,nm0378240,90.0,6.5,824.0
778,tt0117951,Trainspotting,1996.0,nm0000965,93.0,8.1,775671.0
779,tt0118523,'Til There Was You,1997.0,nm0934525,113.0,4.8,3087.0
780,tt0116629,Independence Day,1996.0,nm0000386,145.0,7.0,655502.0
781,tt0117737,Stealing Beauty,1996.0,nm0000934,118.0,6.5,32752.0
782,tt0116277,The Fan,1996.0,nm0001716,116.0,5.9,55796.0
783,tt0116583,The Hunchback of Notre Dame,1996.0,"nm0873779,nm0936374",91.0,7.0,186947.0
784,tt0115798,The Cable Guy,1996.0,nm0001774,96.0,6.2,191647.0
785,tt0116778,Kingpin,1996.0,"nm0125803,nm0268380",114.0,6.9,97599.0
786,tt0116213,Eraser,1996.0,nm0751080,115.0,6.2,125432.0
787,,,,,,,
788,tt0117218,The Nutty Professor,1996.0,nm0001723,95.0,5.7,132731.0
789,,,,,,,
790,tt0111546,An Unforgettable Summer,1994.0,nm0684596,82.0,7.2,1205.0
791,,,,,,,
792,tt0093199,A Hungarian Fairy Tale,1987.0,nm0003927,97.0,6.4,167.0
793,tt0106810,My Life and Times with Antonin Artaud,1993.0,nm0603294,90.0,6.9,183.0
794,tt0111180,Midnight Dancers,1994.0,nm0158029,100.0,5.5,343.0
795,tt0111237,Somebody to Love,1994.0,nm0734319,102.0,5.5,840.0
796,tt0072362,A Very Natural Thing,1974.0,nm0488272,80.0,6.8,1209.0
797,tt0103207,The Old Lady Who Walked in the Sea,1991.0,nm0382327,95.0,5.9,483.0
798,tt0116040,Daylight,1996.0,nm0003418,114.0,6.0,81264.0
799,tt0116365,The Frighteners,1996.0,nm0001392,110.0,7.1,103541.0
800,tt0116905,Lone Star,1996.0,nm0000626,135.0,7.4,36344.0
801,tt0116493,Harriet the Spy,1996.0,nm0400486,100.0,6.0,12357.0
802,tt0117333,Phenomenon,1996.0,nm0005509,123.0,6.5,90870.0
803,tt0118113,Walking and Talking,1996.0,nm0392237,86.0,6.7,4330.0
804,tt0117628,She's the One,1996.0,nm0122653,96.0,6.0,20277.0
805,tt0117913,A Time to Kill,1996.0,nm0001708,149.0,7.5,212809.0
806,tt0115530,American Buffalo,1996.0,nm0180912,88.0,5.8,4248.0
807,,,,,,,
808,tt0115493,Alaska,1996.0,nm0381699,109.0,5.8,6167.0
809,tt0116320,Fled,1996.0,nm0393661,98.0,5.5,10710.0
810,tt0116756,Kazaam,1996.0,nm0001274,93.0,3.2,26811.0
811,,,,,,,
812,tt0109356,Magic Hunter,1994.0,nm0258221,106.0,6.2,300.0
813,tt0116823,Larger Than Life,1996.0,nm0291442,93.0,5.7,8356.0
814,tt0112568,A Boy Called Hate,1995.0,nm0546153,97.0,5.1,334.0
815,,,,,,,
816,tt0117999,Two Deaths,1995.0,nm0001676,99.0,6.4,552.0
818,tt0118073,A Very Brady Sequel,1996.0,nm0762541,90.0,5.9,12754.0
819,tt0108220,Stefano Quantestorie,1993.0,nm0629309,92.0,6.6,182.0
820,tt0049521,Death in the Garden,1956.0,nm0000320,104.0,6.7,2883.0
821,,,,,,,
822,tt0104403,Hedd Wyn,1992.0,nm0877790,123.0,7.0,503.0
823,,,,,,,
824,tt0110246,Kaspar Hauser,1993.0,nm0782266,139.0,6.8,527.0
825,,,,,,,
826,,,,,,,
827,tt0112716,The Convent,1995.0,nm0210701,90.0,5.9,1141.0
828,tt0115472,The Adventures of Pinocchio,1996.0,nm0006625,96.0,5.3,6721.0
829,tt0116707,Joe's Apartment,1996.0,nm0668500,80.0,5.6,15644.0
830,tt0116313,The First Wives Club,1996.0,nm0933505,103.0,6.5,60993.0
831,tt0114550,Stonewall,1995.0,nm0277439,99.0,7.1,1884.0
832,tt0117438,Ransom,1996.0,nm0000165,121.0,6.7,145537.0
833,tt0116531,High School High,1996.0,nm0000952,86.0,5.6,15073.0
834,tt0117332,Phat Beach,1996.0,nm0254120,89.0,4.1,1124.0
835,tt0116353,Foxfire,1996.0,nm0371852,102.0,6.2,10468.0
836,tt0115857,Chain Reaction,1996.0,nm0001112,107.0,5.7,59257.0
837,tt0117008,Matilda,1996.0,nm0000362,98.0,7.0,199422.0
838,tt0116191,Emma,1996.0,nm0569790,120.0,6.6,44474.0
839,tt0115986,The Crow: City of Angels,1996.0,nm0691194,84.0,4.6,23620.0
840,tt0116571,House Arrest,1996.0,nm0934863,108.0,5.8,9916.0
841,,,,,,,
842,,,,,,,
843,tt0113695,Lotto Land,1995.0,nm0748218,87.0,6.4,72.0
844,,,,,,,
845,tt0111424,The Day the Sun Turned Cold,1994.0,nm0948021,99.0,7.1,273.0
846,tt0113080,Flirt,1995.0,nm0001325,85.0,6.3,2399.0
847,tt0115680,The Big Squeeze,1996.0,nm0209667,98.0,5.0,357.0
848,tt0117718,The Spitfire Grill,1996.0,nm0957453,117.0,7.0,6229.0
849,tt0116225,Escape from L.A.,1996.0,nm0000118,101.0,5.7,87023.0
850,tt0112767,Cyclo,1995.0,nm0870841,123.0,7.1,5997.0
851,tt0115632,Basquiat,1996.0,nm0773603,107.0,6.9,24144.0
852,tt0117918,Tin Cup,1996.0,nm0005421,135.0,6.4,56697.0
853,,,,,,,
854,tt0051980,The Ballad of Narayama,1958.0,nm0455839,98.0,7.8,4206.0
855,,,,,,,
856,tt0107575,Mille bolle blu,1993.0,nm0690213,87.0,6.5,190.0
857,tt0042054,Crows and Sparrows,1949.0,nm0955622,113.0,7.2,361.0
858,tt0068646,The Godfather,1972.0,nm0000338,175.0,9.2,2261044.0
859,tt0116536,The Hippie Revolution,1996.0,nm0640080,88.0,7.1,26.0
860,tt0109255,Maybe... Maybe Not,1994.0,nm0941811,93.0,6.5,6717.0
861,,,,,,,
862,tt0116985,Manny & Lo,1996.0,nm0472495,88.0,6.6,2424.0
863,tt0109485,Celestial Clockwork,1994.0,nm0061944,80.0,7.5,104.0
864,tt0114936,The Wife,1995.0,nm0006888,101.0,6.7,399.0
865,tt0114474,Small Faces,1995.0,nm0533564,108.0,6.8,1758.0
866,tt0115736,Bound,1996.0,"nm0905154,nm0905152",109.0,7.3,68476.0
867,tt0115836,Carpool,1996.0,nm0002137,89.0,5.1,5726.0
868,,,,,,,
869,tt0116745,Kansas City,1996.0,nm0000265,116.0,6.3,5982.0
870,tt0119214,Gone Fishin',1997.0,nm0128883,94.0,4.9,11210.0
871,,,,,,,
872,,,,,,,
873,tt0075169,Shadow of Angels,1976.0,nm0006357,101.0,6.4,276.0
874,tt0113542,Killer: A Journal of Murder,1995.0,nm0582481,91.0,6.3,2509.0
875,tt0110693,Nothing to Lose,1994.0,nm0615536,83.0,5.9,80.0
876,,,,,,,
877,tt0116418,Girls Town,1996.0,nm0570995,90.0,6.5,929.0
878,tt0112607,Bye-Bye,1995.0,nm0237876,105.0,7.1,259.0
879,tt0120004,The Relic,1997.0,nm0001382,110.0,5.8,32976.0
880,tt0116654,The Island of Dr. Moreau,1996.0,nm0001239,96.0,4.6,38427.0
881,tt0116311,First Kid,1996.0,nm0262693,101.0,5.3,12391.0
882,tt0117965,The Trigger Effect,1996.0,nm0462895,94.0,5.7,7263.0
884,tt0114592,Sweet Nothing,1995.0,nm0935095,89.0,6.2,599.0
885,tt0115725,Bogus,1996.0,nm0422484,110.0,5.4,7386.0
886,tt0115783,Bulletproof,1996.0,nm0225416,84.0,5.8,41699.0
887,tt0120271,Talk of Angels,1998.0,nm0358327,96.0,5.8,929.0
888,,,,,,,
889,tt0109001,1-900,1994.0,nm0324660,87.0,6.2,686.0
890,tt0094822,Baton Rouge,1988.0,nm0596571,90.0,6.0,364.0
891,tt0113253,Halloween: The Curse of Michael Myers,1995.0,nm0152640,87.0,4.7,47432.0
892,tt0117991,Twelfth Night,1996.0,nm0638080,134.0,7.1,6793.0
893,tt0117093,Mother Night,1996.0,nm0330360,114.0,7.1,5926.0
894,,,,,,,
895,tt0105729,Venice/Venice,1992.0,nm0415617,108.0,6.2,289.0
896,tt0111019,Wild Reeds,1994.0,nm0029242,110.0,7.2,7361.0
897,tt0035896,For Whom the Bell Tolls,1943.0,nm0939992,170.0,6.8,11270.0
898,tt0032904,The Philadelphia Story,1940.0,nm0002030,112.0,7.8,79411.0
899,tt0045152,Singin' in the Rain,1952.0,"nm0002045,nm0000037",103.0,8.3,286303.0
900,tt0043278,An American in Paris,1951.0,nm0591486,114.0,7.1,39852.0
901,tt0050419,Funny Face,1957.0,nm0002045,103.0,7.0,36014.0
902,tt0054698,Breakfast at Tiffany's,1961.0,nm0001175,115.0,7.5,206660.0
903,tt0052357,Vertigo,1958.0,nm0000033,128.0,8.2,463515.0
904,tt0047396,Rear Window,1954.0,nm0000033,112.0,8.4,574832.0
905,tt0025316,It Happened One Night,1934.0,nm0001008,105.0,8.1,120732.0
906,tt0036855,Gaslight,1944.0,nm0002030,114.0,7.8,38479.0
907,tt0025164,The Gay Divorcee,1934.0,nm0762263,107.0,7.3,9449.0
908,tt0053125,North by Northwest,1959.0,nm0000033,136.0,8.2,372150.0
909,tt0053604,The Apartment,1960.0,nm0000697,125.0,8.3,223488.0
910,tt0053291,Some Like It Hot,1959.0,nm0000697,121.0,8.2,307810.0
911,tt0056923,Charade,1963.0,nm0002045,113.0,7.8,94924.0
912,tt0034583,Casablanca,1942.0,nm0002031,102.0,8.5,661975.0
913,tt0033870,The Maltese Falcon,1941.0,nm0001379,100.0,7.9,175722.0
914,tt0058385,My Fair Lady,1964.0,nm0002030,170.0,7.7,108761.0
915,tt0047437,Sabrina,1954.0,nm0000697,113.0,7.6,76818.0
916,tt0046250,Roman Holiday,1953.0,nm0943758,118.0,8.0,159105.0
917,tt0031580,The Little Princess,1939.0,"nm0485943,nm0782682",93.0,7.2,7378.0
918,tt0037059,Meet Me in St. Louis,1944.0,nm0591486,113.0,7.5,31448.0
919,tt0032138,The Wizard of Oz,1939.0,"nm0281808,nm0002030,nm0851537,nm0861703,nm0896542",102.0,8.1,473313.0
920,tt0031381,Gone with the Wind,1939.0,nm0281808,238.0,8.2,359186.0
921,tt0084370,My Favorite Year,1982.0,nm0000907,92.0,7.3,11392.0
922,,,,,,,
923,tt0033467,Citizen Kane,1941.0,nm0000080,119.0,8.2,497316.0
924,tt0062622,2001: A Space Odyssey,1968.0,nm0000040,149.0,8.3,794137.0
925,tt0039428,Golden Earrings,1947.0,nm0500552,95.0,6.6,1390.0
926,tt0042192,All About Eve,1950.0,nm0000581,138.0,8.2,150788.0
927,tt0032143,The Women,1939.0,nm0002030,133.0,7.7,16315.0
928,tt0032976,Rebecca,1940.0,nm0000033,130.0,8.0,162365.0
929,tt0032484,Foreign Correspondent,1940.0,nm0000033,120.0,7.4,26489.0
930,tt0038787,Notorious,1946.0,nm0000033,102.0,7.9,113687.0
931,tt0038109,Spellbound,1945.0,nm0000033,111.0,7.5,55947.0
932,tt0050105,An Affair to Remember,1957.0,nm0564970,115.0,7.4,36093.0
933,tt0048728,To Catch a Thief,1955.0,nm0000033,106.0,7.4,87798.0
934,tt0042451,Father of the Bride,1950.0,nm0591486,92.0,7.1,13716.0
935,tt0045537,The Band Wagon,1953.0,nm0591486,112.0,7.4,13786.0
936,tt0031725,Ninotchka,1939.0,nm0523932,110.0,7.8,25176.0
937,tt0050658,Love in the Afternoon,1957.0,nm0000697,130.0,7.1,18600.0
938,tt0051658,Gigi,1958.0,"nm0591486,nm0910199",115.0,6.6,25197.0
939,tt0052126,The Reluctant Debutante,1958.0,nm0591486,94.0,6.7,2216.0
940,tt0029843,The Adventures of Robin Hood,1938.0,"nm0002031,nm0445033",102.0,7.9,58269.0
941,tt0032762,The Mark of Zorro,1940.0,nm0541149,94.0,7.5,12185.0
942,tt0037008,Laura,1944.0,"nm0695937,nm0541149",88.0,7.9,56856.0
943,tt0039420,The Ghost and Mrs. Muir,1947.0,nm0000581,104.0,7.8,21659.0
944,tt0029162,Lost Horizon,1937.0,nm0001008,132.0,7.6,15900.0
945,tt0027125,Top Hat,1935.0,nm0762263,101.0,7.7,22414.0
946,tt0035446,To Be or Not to Be,1942.0,nm0523932,99.0,8.1,50447.0
947,tt0028010,My Man Godfrey,1936.0,nm0478441,94.0,7.9,29036.0
948,tt0049261,Giant,1956.0,nm0828419,201.0,7.6,44489.0
949,tt0048028,East of Eden,1955.0,nm0001415,118.0,7.8,51315.0
950,tt0025878,The Thin Man,1934.0,nm0886754,91.0,7.9,35647.0
951,tt0032599,His Girl Friday,1940.0,nm0001328,92.0,7.8,68745.0
952,tt0048960,Around the World in 80 Days,1956.0,"nm0027183,nm0268513",175.0,6.7,32418.0
953,tt0038650,It's a Wonderful Life,1946.0,nm0001008,130.0,8.6,560530.0
954,tt0031679,Mr. Smith Goes to Washington,1939.0,nm0001008,129.0,8.1,130635.0
955,tt0029947,Bringing Up Baby,1938.0,nm0001328,102.0,7.8,69950.0
956,tt0034012,Penny Serenade,1941.0,nm0828419,119.0,7.1,8995.0
957,tt0017350,The Scarlet Letter,1926.0,nm0803705,115.0,7.6,2173.0
958,tt0036094,Lady of Burlesque,1943.0,nm0920074,91.0,6.2,3242.0
959,tt0025586,Of Human Bondage,1934.0,nm0188669,83.0,7.0,9319.0
960,tt0038300,Angel on My Shoulder,1946.0,nm0562845,100.0,6.8,3484.0
961,tt0027893,Little Lord Fauntleroy,1936.0,nm0188669,102.0,7.3,2881.0
962,,,,,,,
963,tt0041509,The Inspector General,1949.0,nm0467396,102.0,6.7,3888.0
964,tt0039152,Angel and the Badman,1947.0,nm0335455,100.0,6.8,7540.0
965,tt0026029,The 39 Steps,1935.0,nm0000033,86.0,7.6,67020.0
966,tt0038235,A Walk in the Sun,1945.0,nm0587277,117.0,6.9,4604.0
967,tt0036241,The Outlaw,1943.0,"nm0400652,nm0001328",116.0,5.4,5453.0
968,tt0063350,Night of the Living Dead,1968.0,nm0001681,96.0,7.8,152759.0
969,tt0043265,The African Queen,1951.0,nm0001379,105.0,7.7,88256.0
970,,,,,,,
971,tt0051459,Cat on a Hot Tin Roof,1958.0,nm0112218,108.0,7.9,57655.0
972,tt0047162,The Last Time I Saw Paris,1954.0,nm0112218,116.0,6.1,4866.0
973,tt0033891,Meet John Doe,1941.0,nm0001008,122.0,7.6,16604.0
974,tt0029855,Algiers,1938.0,nm0188669,96.0,6.6,3715.0
975,tt0029588,Something to Sing About,1937.0,nm0006276,93.0,6.2,1137.0
976,tt0022879,A Farewell to Arms,1932.0,nm0097648,80.0,6.4,7723.0
977,tt0027980,Moonlight Murder,1936.0,nm0547446,66.0,5.8,247.0
978,tt0020697,The Blue Angel,1930.0,nm0903049,104.0,7.6,17864.0
979,tt0114007,Nothing Personal,1995.0,nm0642823,86.0,6.8,589.0
980,,,,,,,
981,tt0118927,Dangerous Ground,1997.0,nm0740213,95.0,4.5,2094.0
982,tt0048491,Picnic,1955.0,nm0517597,115.0,7.0,10815.0
983,tt0113730,Madagascar Skin,1995.0,nm0627704,96.0,6.0,342.0
984,,,,,,,
985,,,,,,,
986,tt0116329,Fly Away Home,1996.0,nm0050597,107.0,6.9,29174.0
987,tt0118742,Bliss,1997.0,nm0949796,103.0,6.0,3186.0
988,tt0116442,Grace of My Heart,1996.0,nm0025978,116.0,6.8,4254.0
989,,,,,,,
990,tt0117011,Maximum Risk,1996.0,nm0482681,101.0,5.6,26160.0
991,tt0117039,Michael Collins,1996.0,nm0001403,133.0,7.1,36542.0
992,tt0117473,The Rich Man's Wife,1996.0,nm0427468,95.0,5.3,3713.0
993,tt0116635,Infinity,1996.0,nm0000111,119.0,6.2,2119.0
994,tt0115678,Big Night,1996.0,"nm0001714,nm0001804",109.0,7.3,25377.0
996,tt0116830,Last Man Standing,1996.0,nm0001353,101.0,6.4,62905.0
997,tt0115847,Caught,1996.0,nm0950001,110.0,6.5,1606.0
998,tt0117603,Set It Off,1996.0,nm0336620,123.0,6.9,20795.0
999,tt0115438,2 Days in the Valley,1996.0,nm0381273,104.0,6.5,23122.0
1000,tt0115994,Curdled,1996.0,nm0102929,88.0,5.9,5842.0
1001,,,,,,,
1002,tt0116167,Ed's Next Move,1996.0,nm0909699,88.0,6.4,491.0
1003,tt0116259,Extreme Measures,1996.0,nm0000776,118.0,6.2,21144.0
1004,tt0116421,The Glimmer Man,1996.0,nm0336726,91.0,5.4,22631.0
1005,tt0116000,D3: The Mighty Ducks,1996.0,nm0509409,104.0,5.5,30717.0
1006,tt0115862,The Chamber,1996.0,nm0001226,113.0,6.0,16003.0
1007,tt0072653,The Apple Dumpling Gang,1975.0,nm0865709,100.0,6.4,7305.0
1008,tt0047977,Davy Crockett: King of the Wild Frontier,1955.0,nm0287988,93.0,6.8,5672.0
1009,tt0072951,Escape to Witch Mountain,1975.0,nm0396421,97.0,6.3,12559.0
1010,,,,,,,
1011,tt0071607,Herbie Rides Again,1974.0,nm0829038,88.0,5.7,9767.0
1012,tt0050798,Old Yeller,1957.0,nm0829038,83.0,7.2,16927.0
1013,tt0055277,The Parent Trap,1961.0,nm0842582,129.0,7.2,26736.0
1014,tt0054195,Pollyanna,1960.0,nm0842582,134.0,7.4,12743.0
1015,tt0107131,Homeward Bound: The Incredible Journey,1993.0,nm0242271,84.0,7.0,56183.0
1016,tt0053271,The Shaggy Dog,1959.0,nm0059106,104.0,6.4,6165.0
1017,tt0054357,Swiss Family Robinson,1960.0,nm0002175,126.0,7.1,20266.0
1018,tt0059793,That Darn Cat!,1965.0,nm0829038,116.0,6.8,8914.0
1019,tt0046672,"20,000 Leagues Under the Sea",1954.0,nm0281507,127.0,7.2,39867.0
1020,tt0106611,Cool Runnings,1993.0,nm0005509,98.0,7.0,125033.0
1021,tt0109127,Angels in the Outfield,1994.0,nm0213100,102.0,6.3,38313.0
1022,tt0042332,Cinderella,1950.0,"nm0314671,nm0414144,nm0527217",74.0,7.3,189666.0
1023,,,,,,,
1024,,,,,,,
1025,tt0057546,The Sword in the Stone,1963.0,"nm0718627,nm0314671,nm0359457",79.0,7.1,115919.0
1026,,,,,,,
1027,tt0102798,Robin Hood: Prince of Thieves,1991.0,nm0721817,143.0,6.9,224610.0
1028,tt0058331,Mary Poppins,1964.0,nm0829038,139.0,7.8,200694.0
1029,tt0033563,Dumbo,1941.0,"nm0035899,nm0272568,nm0414144,nm0455741,nm0730860,nm0789313",64.0,7.2,151992.0
1030,tt0076538,Pete's Dragon,1977.0,nm0149548,128.0,6.4,28443.0
1031,tt0066817,Bedknobs and Broomsticks,1971.0,"nm0453832,nm0829038",117.0,7.1,43853.0
1032,tt0043274,Alice in Wonderland,1951.0,"nm0314671,nm0414144,nm0527217,nm0455741",75.0,7.3,169024.0
1033,tt0082406,The Fox and the Hound,1981.0,"nm0075859,nm0723704,nm0828245,nm0359457,nm0718627",83.0,7.2,111908.0
1034,tt0116361,Freeway,1996.0,nm0109165,104.0,6.8,34692.0
1035,tt0059742,The Sound of Music,1965.0,nm0936404,174.0,8.1,295780.0
1036,tt0095016,Die Hard,1988.0,nm0001532,132.0,8.2,1041326.0
1037,tt0104692,The Lawnmower Man,1992.0,nm0502577,108.0,5.5,42764.0
1038,tt0118044,Unhook the Stars,1996.0,nm0001024,103.0,6.5,2541.0
1039,tt0114597,Synthetic Pleasures,1995.0,nm0497422,85.0,7.0,147.0
1040,tt0117582,The Secret Agent,1996.0,nm0358960,95.0,5.6,2780.0
1041,tt0117589,Secrets & Lies,1996.0,nm0005139,136.0,8.0,51007.0
1042,tt0117887,That Thing You Do!,1996.0,nm0000158,108.0,7.0,79254.0
1043,tt0117924,To Gillian on Her 37th Birthday,1996.0,nm0696309,93.0,5.8,5309.0
1044,tt0117791,Surviving Picasso,1996.0,nm0412465,125.0,6.3,8232.0
1045,tt0116928,Love Is All There Is,1996.0,"nm0004767,nm0853041",105.0,5.1,1571.0
1046,tt0115640,Beautiful Thing,1996.0,nm0531751,90.0,7.6,27675.0
1047,tt0116908,The Long Kiss Goodnight,1996.0,nm0001317,121.0,6.8,93989.0
1049,tt0116409,The Ghost and the Darkness,1996.0,nm0394280,110.0,6.8,71479.0
1050,tt0116913,Looking for Richard,1996.0,nm0000199,111.0,7.3,8911.0
1051,tt0117958,Trees Lounge,1996.0,nm0000114,95.0,7.1,17819.0
1052,tt0117400,The Proprietor,1996.0,nm0580337,113.0,5.7,266.0
1053,tt0117202,Normal Life,1996.0,nm0573796,101.0,6.3,2707.0
1054,tt0116404,Get on the Bus,1996.0,nm0000490,120.0,6.9,6454.0
1055,tt0120107,Shadow Conspiracy,1997.0,nm0181902,103.0,5.0,5625.0
1056,tt0116722,Jude,1996.0,nm0935863,123.0,6.9,11808.0
1057,tt0116242,Everyone Says I Love You,1996.0,nm0000095,101.0,6.7,41544.0
1058,tt0115600,Bitter Sugar,1996.0,nm0406687,75.0,7.1,661.0
1059,,,,,,,
1060,tt0117802,Swingers,1996.0,nm0510731,96.0,7.2,91916.0
1061,tt0117665,Sleepers,1996.0,nm0001469,147.0,7.5,258724.0
1062,tt0117781,The Sunchaser,1996.0,nm0001047,122.0,6.1,5499.0
1063,tt0116714,Johns,1996.0,nm0798788,96.0,6.3,1874.0
1064,,,,,,,
1065,,,,,,,
1066,tt0029546,Shall We Dance,1937.0,nm0762263,109.0,7.4,8463.0
1067,tt0028757,A Damsel in Distress,1937.0,nm0828419,101.0,6.8,2642.0
1068,tt0039286,Crossfire,1947.0,nm0229424,86.0,7.2,11039.0
1069,tt0037101,"Murder, My Sweet",1944.0,nm0229424,95.0,7.5,16619.0
1070,tt0044863,Macao,1952.0,nm0903049,81.0,6.6,4282.0
1071,,,,,,,
1073,,,,,,,
1075,,,,,,,
1076,tt0055018,The Innocents,1961.0,nm0002338,100.0,7.7,36670.0
1077,tt0070707,Sleeper,1973.0,nm0000095,89.0,7.1,45744.0
1078,tt0066808,Bananas,1971.0,nm0000095,82.0,6.9,40321.0
1079,tt0095159,A Fish Called Wanda,1988.0,"nm0187769,nm0000092",108.0,7.5,167509.0
1080,tt0079470,Monty Python's Life of Brian,1979.0,nm0001402,94.0,8.0,436185.0
1081,tt0084865,Victor/Victoria,1982.0,nm0001175,134.0,7.6,25930.0
1082,tt0068334,The Candidate,1972.0,nm0006916,110.0,7.0,13680.0
1083,tt0059243,The Great Race,1965.0,nm0001175,160.0,7.2,21851.0
1084,tt0061418,Bonnie and Clyde,1967.0,nm0671957,111.0,7.7,127934.0
1085,tt0052027,The Old Man and the Sea,1958.0,"nm0836328,nm0003593",86.0,6.9,9424.0
1086,tt0046912,Dial M for Murder,1954.0,nm0000033,105.0,8.1,207390.0
1087,tt0113731,Madame Butterfly,1995.0,nm0594158,134.0,7.0,684.0
1088,tt0092890,Dirty Dancing,1987.0,nm0001915,100.0,7.1,285020.0
1089,tt0105236,Reservoir Dogs,1992.0,nm0000233,99.0,8.2,1183436.0
1090,tt0091763,Platoon,1986.0,nm0000231,120.0,8.0,477817.0
1091,tt0098627,Weekend at Bernie's,1989.0,nm0467646,97.0,6.5,69155.0
1092,tt0103772,Basic Instinct,1992.0,nm0000682,127.0,7.1,247633.0
1093,tt0101761,The Doors,1991.0,nm0000231,141.0,7.2,108253.0
1094,tt0104036,The Crying Game,1992.0,nm0001403,112.0,7.2,63965.0
1095,tt0104348,Glengarry Glen Ross,1992.0,nm0001226,100.0,7.6,127503.0
1096,tt0084707,Sophie's Choice,1982.0,nm0001587,150.0,7.5,56507.0
1097,tt0083866,E.T. the Extra-Terrestrial,1982.0,nm0000229,115.0,7.9,477511.0
1098,,,,,,,
1099,tt0029992,A Christmas Carol,1938.0,nm0547446,69.0,7.5,10054.0
1100,tt0099371,Days of Thunder,1990.0,nm0001716,107.0,6.2,106946.0
1101,tt0092099,Top Gun,1986.0,nm0001716,109.0,7.0,562075.0
1102,tt0115531,American Strays,1996.0,nm1027203,97.0,5.2,800.0
1103,tt0048545,Rebel Without a Cause,1955.0,nm0712947,111.0,7.6,104376.0
1104,tt0044081,A Streetcar Named Desire,1951.0,nm0001415,122.0,7.9,119827.0
1105,,,,,,,
1106,tt0116859,The Leopard Son,1996.0,nm0887361,87.0,7.4,182.0
1107,tt0102336,Loser,1991.0,nm0121673,84.0,7.4,25.0
1108,,,,,,,
1109,,,,,,,
1110,,,,,,,
1111,tt0117040,Microcosmos,1996.0,"nm0638175,nm0701821",80.0,7.9,12207.0
1112,,,,,,,
1113,tt0115580,The Associate,1996.0,nm0677953,114.0,6.2,9758.0
1114,tt0116378,The Funeral,1996.0,nm0001206,99.0,6.6,10129.0
1115,tt0114472,Sleepover,1995.0,nm0006835,88.0,5.5,69.0
1116,tt0113057,A Single Girl,1995.0,nm0415245,90.0,6.6,2120.0
1117,tt0116581,The Eighth Day,1996.0,nm0233757,118.0,7.4,10683.0
1118,,,,,,,
1119,,,,,,,
1120,tt0117318,The People vs. Larry Flynt,1996.0,nm0001232,130.0,7.3,106962.0
1121,,,,,,,
1122,,,,,,,
1123,tt0117320,A Perfect Candidate,1996.0,"nm0191712,nm0888083",105.0,7.2,302.0
1124,tt0082846,On Golden Pond,1981.0,nm0041932,109.0,7.6,38200.0
1125,,,,,,,
1126,tt0101775,Drop Dead Fred,1991.0,nm0429517,103.0,6.0,34196.0
1127,tt0096754,The Abyss,1989.0,nm0000116,140.0,7.5,210995.0
1128,tt0080749,The Fog,1980.0,nm0000118,89.0,6.8,93133.0
1129,tt0082340,Escape from New York,1981.0,nm0000118,99.0,7.1,175766.0
1130,,,,,,,
1131,tt0091288,Jean de Florette,1986.0,nm0001945,120.0,8.1,29742.0
1132,tt0091480,Manon of the Spring,1986.0,nm0001945,113.0,8.0,26136.0
1133,tt0111357,Talking About Sex,1994.0,nm0817639,87.0,6.1,49.0
1134,,,,,,,
1135,tt0081375,Private Benjamin,1980.0,nm0956052,109.0,6.2,31283.0
1136,,,,,,,
1137,tt0116587,Hustler White,1996.0,"nm0145684,nm0478418",79.0,5.8,1635.0
1138,tt0112777,Dadetown,1995.0,nm0382147,93.0,7.0,223.0
1139,tt0116245,Everything Relative,1996.0,nm0689411,110.0,5.6,238.0
1140,tt0116212,Entertaining Angels: The Dorothy Day Story,1996.0,nm0722493,110.0,6.3,566.0
1141,tt0113328,Hoogste tijd,1995.0,nm0919339,98.0,7.1,157.0
1142,,,,,,,
1143,tt0117968,Three Lives and Only One Death,1996.0,nm0749914,123.0,6.8,1722.0
1144,,,,,,,
1145,tt0117677,Snowriders,1996.0,"nm0588769,nm0817545",96.0,7.8,59.0
1146,tt0112759,Curtis's Charm,1995.0,nm0478286,74.0,6.4,253.0
1147,tt0118147,When We Were Kings,1996.0,nm0309382,88.0,7.9,19272.0
1148,,,,,,,
1149,,,,,,,
1150,tt0084589,The Return of Martin Guerre,1982.0,nm0897045,112.0,7.4,5317.0
1151,tt0109781,Faust,1994.0,nm0840905,97.0,7.3,4827.0
1152,tt0040427,He Walked by Night,1948.0,"nm0921288,nm0542649",79.0,7.0,7635.0
1153,tt0040723,Raw Deal,1948.0,nm0542649,79.0,7.2,6384.0
1154,tt0039881,T-Men,1947.0,nm0542649,92.0,6.9,4446.0
1155,,,,,,,
1156,,,,,,,
1157,,,,,,,
1158,tt0026465,Here Comes Cookie,1935.0,nm0572851,65.0,6.2,194.0
1159,tt0026656,Love in Bloom,1935.0,nm0637790,75.0,5.9,160.0
1160,tt0025799,Six of a Kind,1934.0,nm0564970,62.0,6.7,799.0
1161,tt0078875,The Tin Drum,1979.0,nm0772522,142.0,7.4,28200.0
1162,tt0069198,The Ruling Class,1972.0,nm0575389,154.0,7.2,7396.0
1163,tt0110521,Mina Tannenbaum,1994.0,nm0240987,128.0,7.1,1083.0
1164,,,,,,,
1165,tt0115715,The Bloody Child,1996.0,nm0579690,85.0,5.1,226.0
1166,,,,,,,
1167,tt0116059,Dear God,1996.0,nm0005190,112.0,5.5,4413.0
1168,tt0115610,Bad Moon,1996.0,nm0714599,80.0,5.8,10162.0
1169,tt0099028,American Dream,1990.0,"nm0465932,nm0135199,nm0359735,nm0798023",98.0,7.7,1230.0
1170,tt0112483,Best of the Best 3: No Turning Back,1995.0,nm0722221,90.0,4.9,2793.0
1171,tt0103850,Bob Roberts,1992.0,nm0000209,102.0,7.0,15049.0
1172,tt0095765,Cinema Paradiso,1988.0,nm0868153,174.0,8.5,321430.0
1173,tt0097108,"The Cook, the Thief, His Wife & Her Lover",1989.0,nm0000425,124.0,7.5,45581.0
1174,,,,,,,
1175,tt0101700,Delicatessen,1991.0,"nm0001988,nm0000466",99.0,7.5,94968.0
1176,tt0101765,The Double Life of Véronique,1991.0,nm0001425,98.0,7.6,57723.0
1177,tt0101811,Enchanted April,1991.0,nm0001565,95.0,7.3,7866.0
1178,tt0050825,Paths of Glory,1957.0,nm0000040,88.0,8.4,243084.0
1179,tt0099703,The Grifters,1990.0,nm0001241,110.0,6.8,33783.0
1180,tt0102014,Hear My Song,1991.0,nm0155093,104.0,7.0,2087.0
1181,,,,,,,
1183,tt0116209,The English Patient,1996.0,nm0005237,162.0,7.4,215552.0
1184,tt0102426,Mediterraneo,1991.0,nm0759368,96.0,7.4,18020.0
1185,tt0097937,My Left Foot,1989.0,nm0006487,103.0,7.8,86087.0
1186,tt0098724,"Sex, Lies, and Videotape",1989.0,nm0001752,100.0,7.2,65374.0
1187,tt0105107,Passion Fish,1992.0,nm0000626,135.0,7.3,6546.0
1188,tt0105488,Strictly Ballroom,1992.0,nm0525303,94.0,7.2,31339.0
1189,tt0096257,The Thin Blue Line,1988.0,nm0001554,101.0,7.9,26426.0
1190,,,,,,,
1191,tt0102370,Madonna: Truth or Dare,1991.0,nm0450194,120.0,6.5,10611.0
1192,tt0100332,Paris Is Burning,1990.0,nm0515255,78.0,8.2,21729.0
1193,tt0073486,One Flew Over the Cuckoo's Nest,1975.0,nm0001232,133.0,8.6,1169004.0
1194,tt0078446,Up in Smoke,1978.0,"nm0004693,nm0001045",86.0,6.9,43985.0
1196,tt0080684,Star Wars: Episode V - The Empire Strikes Back,1980.0,nm0449984,124.0,8.7,1526523.0
1197,tt0093779,The Princess Bride,1987.0,nm0001661,98.0,8.0,491787.0
1198,tt0082971,Raiders of the Lost Ark,1981.0,nm0000229,115.0,8.4,1122363.0
1199,tt0088846,Brazil,1985.0,nm0000416,132.0,7.8,223468.0
1200,tt0090605,Aliens,1986.0,nm0000116,137.0,8.4,849520.0
1201,tt0060196,"The Good, the Bad and the Ugly",1966.0,nm0001466,178.0,8.8,902893.0
1202,tt0094336,Withnail and I,1987.0,nm0732430,107.0,7.5,53161.0
1203,tt0050083,12 Angry Men,1957.0,nm0001486,96.0,9.0,1005551.0
1204,tt0056172,Lawrence of Arabia,1962.0,nm0000180,227.0,8.3,346818.0
1205,tt0092106,The Transformers: The Movie,1986.0,nm0793802,85.0,7.2,45789.0
1206,tt0066921,A Clockwork Orange,1971.0,nm0000040,136.0,8.2,946209.0
1207,tt0056592,To Kill a Mockingbird,1962.0,nm0612322,129.0,8.2,353651.0
1208,tt0078788,Apocalypse Now,1979.0,nm0000338,147.0,8.4,779254.0
1209,,,,,,,
1210,tt0086190,Star Wars: Episode VI - Return of the Jedi,1983.0,nm0549658,131.0,8.3,1225665.0
1211,tt0093191,Wings of Desire,1987.0,nm0000694,128.0,7.9,85007.0
1212,tt0041959,The Third Man,1949.0,nm0715346,104.0,8.1,197635.0
1213,tt0099685,GoodFellas,1990.0,nm0000217,145.0,8.7,1416282.0
1214,tt0078748,Alien,1979.0,nm0000631,117.0,8.4,1078629.0
1215,,,,,,,
1216,tt0095250,The Big Blue,1988.0,nm0000108,168.0,7.5,59453.0
1217,tt0089881,Ran,1985.0,nm0000041,160.0,8.2,154993.0
1218,tt0097202,The Killer,1989.0,nm0000247,111.0,7.7,56318.0
1219,tt0054215,Psycho,1960.0,nm0000033,109.0,8.5,795540.0
1220,tt0080455,The Blues Brothers,1980.0,nm0000484,133.0,7.9,232178.0
1221,tt0071562,The Godfather Part II,1974.0,nm0000338,202.0,9.0,1516389.0
1222,tt0093058,Full Metal Jacket,1987.0,nm0000040,116.0,8.2,860892.0
1223,,,,,,,
1224,tt0097499,Henry V,1989.0,nm0000110,137.0,7.4,33628.0
1225,tt0086879,Amadeus,1984.0,nm0001232,160.0,8.4,474100.0
1226,tt0045061,The Quiet Man,1952.0,nm0000406,129.0,7.7,46446.0
1227,tt0087843,Once Upon a Time in America,1984.0,nm0001466,229.0,8.3,412761.0
1228,tt0081398,Raging Bull,1980.0,nm0000217,129.0,8.1,414778.0
1230,tt0075686,Annie Hall,1977.0,nm0000095,93.0,7.9,292973.0
1231,tt0086197,The Right Stuff,1983.0,nm0442241,193.0,7.8,68593.0
1232,tt0079944,Stalker,1979.0,nm0001789,162.0,8.0,158336.0
1233,,,,,,,
1234,tt0070735,The Sting,1973.0,nm0001351,129.0,8.2,306432.0
1235,tt0067185,Harold and Maude,1971.0,nm0000797,91.0,7.8,85780.0
1236,tt0103130,Trust,1990.0,nm0001325,107.0,7.3,11920.0
1237,tt0050976,The Seventh Seal,1957.0,nm0000005,96.0,8.1,218134.0
1238,tt0085859,Local Hero,1983.0,nm0287025,111.0,7.3,30497.0
1240,tt0088247,The Terminator,1984.0,nm0000116,107.0,8.1,1020058.0
1241,tt0103873,Braindead,1992.0,nm0001392,104.0,7.4,110847.0
1242,tt0097441,Glory,1989.0,nm0001880,122.0,7.8,154436.0
1243,,,,,,,
1244,tt0079522,Manhattan,1979.0,nm0000095,96.0,7.8,153665.0
1245,tt0100150,Miller's Crossing,1990.0,"nm0001054,nm0001053",115.0,7.7,149430.0
1246,tt0097165,Dead Poets Society,1989.0,nm0001837,128.0,8.1,671162.0
1247,tt0061722,The Graduate,1967.0,nm0001566,106.0,8.0,304498.0
1248,tt0052311,Touch of Evil,1958.0,nm0000080,95.0,7.9,115783.0
1249,,,,,,,
1250,tt0050212,The Bridge on the River Kwai,1957.0,nm0000180,161.0,8.1,251625.0
1251,,,,,,,
1252,tt0071315,Chinatown,1974.0,nm0000591,130.0,8.1,380729.0
1253,tt0043456,The Day the Earth Stood Still,1951.0,nm0936404,92.0,7.7,89463.0
1254,tt0040897,The Treasure of the Sierra Madre,1948.0,nm0001379,126.0,8.2,142910.0
1255,tt0092610,Bad Taste,1987.0,nm0001392,91.0,6.4,51821.0
1256,tt0023969,Duck Soup,1933.0,nm0564970,69.0,7.7,64517.0
1257,tt0088794,Better Off Dead,1985.0,nm0390822,97.0,7.1,54327.0
1258,tt0081505,The Shining,1980.0,nm0000040,146.0,8.4,1245685.0
1259,tt0092005,Stand by Me,1986.0,nm0001661,89.0,8.1,495965.0
1260,tt0022100,M,1931.0,nm0000485,99.0,8.3,184674.0
1261,tt0092991,Evil Dead II,1987.0,nm0000600,84.0,7.6,200788.0
1262,tt0057115,The Great Escape,1963.0,nm0836328,172.0,8.2,280480.0
1263,tt0077416,The Deer Hunter,1978.0,nm0001047,183.0,8.1,390151.0
1264,tt0082269,Diva,1981.0,nm0000894,117.0,7.1,15508.0
1265,tt0107048,Groundhog Day,1993.0,nm0000601,101.0,8.0,741645.0
1266,tt0105695,Unforgiven,1992.0,nm0000142,130.0,8.2,473428.0
1267,tt0056218,The Manchurian Candidate,1962.0,nm0001239,126.0,7.9,85348.0
1268,tt0100436,Pump Up the Volume,1990.0,nm0610496,102.0,7.2,33901.0
1269,tt0036613,Arsenic and Old Lace,1944.0,nm0001008,118.0,7.9,78223.0
1270,tt0088763,Back to the Future,1985.0,nm0000709,116.0,8.5,1479175.0
1271,tt0101921,Fried Green Tomatoes,1991.0,nm0000816,130.0,7.7,93609.0
1272,tt0066206,Patton,1970.0,nm0769874,172.0,7.9,114341.0
1273,tt0090967,Down by Law,1986.0,nm0000464,107.0,7.6,59299.0
1274,tt0094625,Akira,1988.0,nm0960028,124.0,8.0,232723.0
1275,tt0091203,Highlander,1986.0,nm0611683,110.0,7.0,161094.0
1276,tt0061512,Cool Hand Luke,1967.0,nm0742341,127.0,8.0,197503.0
1277,tt0099334,Cyrano de Bergerac,1990.0,nm0710919,137.0,7.5,27870.0
1278,tt0072431,Young Frankenstein,1974.0,nm0000316,106.0,8.0,181975.0
1279,tt0102536,Night on Earth,1991.0,nm0000464,129.0,7.6,71848.0
1280,tt0101640,Raise the Red Lantern,1991.0,nm0955443,125.0,8.1,38534.0
1281,tt0032553,The Great Dictator,1940.0,nm0000122,125.0,8.4,260694.0
1282,tt0032455,Fantasia,1940.0,"nm0019282,nm0035899,nm1968474,nm0272568,nm0359457,nm0359610,nm0373429,nm0414144,nm0527217,nm0730860,nm0766402,nm0789313",124.0,7.7,112506.0
1283,tt0044706,High Noon,1952.0,nm0003593,85.0,7.9,117493.0
1284,tt0038355,The Big Sleep,1946.0,nm0001328,114.0,7.9,95137.0
1285,tt0097493,Heathers,1989.0,nm0499724,103.0,7.1,127711.0
1286,tt0081534,Somewhere in Time,1980.0,nm0844358,103.0,7.2,37095.0
1287,tt0052618,Ben-Hur,1959.0,nm0943758,212.0,8.1,273903.0
1288,tt0088258,This Is Spinal Tap,1984.0,nm0001661,82.0,7.9,161849.0
1289,,,,,,,
1290,tt0094006,Some Kind of Wonderful,1987.0,nm0222043,95.0,7.0,38099.0
1291,tt0097576,Indiana Jones and the Last Crusade,1989.0,nm0000229,127.0,8.2,872633.0
1292,tt0078841,Being There,1979.0,nm0000797,130.0,7.9,82767.0
1293,tt0083987,Gandhi,1982.0,nm0000277,191.0,8.0,247260.0
1294,tt0066026,M*A*S*H,1970.0,nm0000265,116.0,7.3,83850.0
1295,tt0096332,The Unbearable Lightness of Being,1988.0,nm0442241,171.0,7.2,41102.0
1296,tt0091867,A Room with a View,1986.0,nm0412465,117.0,7.2,53257.0
1297,tt0089886,Real Genius,1985.0,nm0004838,108.0,6.9,41852.0
1298,tt0084503,Pink Floyd: The Wall,1982.0,nm0000570,95.0,8.0,90705.0
1299,tt0087553,The Killing Fields,1984.0,nm0423646,141.0,7.8,64404.0
1300,tt0089606,My Life as a Dog,1985.0,nm0002120,101.0,7.6,23121.0
1301,tt0049223,Forbidden Planet,1956.0,nm0928208,98.0,7.5,57971.0
1302,tt0097351,Field of Dreams,1989.0,nm0004675,107.0,7.5,142696.0
1303,tt0073341,The Man Who Would Be King,1975.0,nm0001379,129.0,7.7,56068.0
1304,tt0064115,Butch Cassidy and the Sundance Kid,1969.0,nm0001351,110.0,8.0,240019.0
1305,tt0087884,"Paris, Texas",1984.0,nm0000694,145.0,8.1,145324.0
1306,tt0101458,Until the End of the World,1991.0,nm0000694,158.0,6.8,12798.0
1307,tt0098635,When Harry Met Sally...,1989.0,nm0001661,95.0,7.7,275798.0
1308,tt0113369,I Shot a Man in Vegas,1995.0,nm0915394,86.0,4.0,146.0
1309,tt0114089,Parallel Sons,1995.0,nm0949714,93.0,6.3,300.0
1310,tt0116589,Hype!,1996.0,nm0695629,84.0,7.5,3381.0
1311,tt0117550,Santa with Muscles,1996.0,nm0613981,97.0,2.7,9963.0
1312,tt0116293,Female Perversions,1996.0,nm0834201,120.0,5.4,3163.0
1313,tt0116953,Mad Dog Time,1996.0,nm0084114,93.0,5.4,3913.0
1314,tt0115754,Breathing Room,1996.0,nm1073965,90.0,5.1,161.0
1315,,,,,,,
1316,tt2661954,Anna,1996.0,nm0107141,120.0,,
1317,tt0116601,I'm Not Rappaport,1996.0,nm0306949,135.0,6.5,1971.0
1318,tt0112537,Blue Juice,1995.0,nm0695693,90.0,5.1,3185.0
1319,,,,,,,
1320,tt0103644,Alien³,1992.0,nm0000399,114.0,6.4,356139.0
1321,tt0082010,An American Werewolf in London,1981.0,nm0000484,97.0,7.5,136559.0
1322,,,,,,,
1323,tt0085159,Amityville 3-D,1983.0,nm0281507,105.0,4.2,8449.0
1324,,,,,,,
1325,,,,,,,
1326,tt0083550,Amityville II: The Possession,1982.0,nm0198765,104.0,5.6,14446.0
1327,tt0078767,The Amityville Horror,1979.0,nm0742341,117.0,6.2,49649.0
1328,,,,,,,
1329,tt0071233,Blood for Dracula,1974.0,nm0607407,106.0,6.1,7718.0
1330,tt0090655,April Fool's Day,1986.0,nm0910510,89.0,6.2,20350.0
1331,tt0075704,Audrey Rose,1977.0,nm0936404,113.0,5.8,7536.0
1332,tt0092632,The Believers,1987.0,nm0772259,114.0,6.1,9744.0
1333,tt0056869,The Birds,1963.0,nm0000033,119.0,7.6,222494.0
1334,tt0051418,The Blob,1958.0,"nm0947105,nm0234893",86.0,6.3,32835.0
1335,,,,,,,
1336,tt0101492,Body Parts,1991.0,nm0714599,88.0,5.7,5661.0
1337,tt0037549,The Body Snatcher,1945.0,nm0936404,78.0,7.3,11344.0
1339,,,,,,,
1340,tt0026138,Bride of Frankenstein,1935.0,nm0001843,75.0,7.8,59679.0
1341,tt0074258,Burnt Offerings,1976.0,nm0193303,116.0,6.4,15386.0
1342,tt0103919,Candyman,1992.0,nm0741262,99.0,6.8,110698.0
1343,tt0101540,Cape Fear,1991.0,nm0000217,128.0,7.3,250687.0
1344,tt0055824,Cape Fear,1962.0,nm0496746,106.0,7.7,36246.0
1345,tt0074285,Carrie,1976.0,nm0000361,98.0,7.4,231960.0
1346,tt0083722,Cat People,1982.0,nm0001707,118.0,6.2,27004.0
1347,tt0087800,A Nightmare on Elm Street,1984.0,nm0000127,91.0,7.4,295277.0
1348,tt0013442,Nosferatu,1922.0,nm0003638,95.0,7.8,124574.0
1349,,,,,,,
1350,tt0075005,The Omen,1976.0,nm0001149,111.0,7.5,148036.0
1351,,,,,,,
1352,tt0115495,Albino Alligator,1996.0,nm0000228,94.0,6.1,9060.0
1353,tt0117057,The Mirror Has Two Faces,1996.0,nm0000659,126.0,6.7,25923.0
1354,tt0115751,Breaking the Waves,1996.0,nm0001885,153.0,7.8,76778.0
1355,tt0119791,Nightwatch,1997.0,nm0097079,101.0,6.2,23042.0
1356,tt0117731,Star Trek: First Contact,1996.0,nm0000408,111.0,7.6,139093.0
1357,tt0117631,Shine,1996.0,nm0382956,105.0,7.6,59405.0
1358,tt0117666,Sling Blade,1996.0,nm0000671,135.0,8.0,104924.0
1359,tt0116705,Jingle All the Way,1996.0,nm0505152,89.0,5.8,131278.0
1360,tt0084116,Identification of a Woman,1982.0,nm0000774,130.0,6.6,3615.0
1361,tt0117293,Paradise Lost: The Child Murders at Robin Hood Hills,1996.0,"nm0075666,nm0802501",150.0,8.2,19867.0
1362,,,,,,,
1363,tt0117372,The Preacher's Wife,1996.0,nm0001508,123.0,5.8,15258.0
1364,tt0113557,Zero Kelvin,1995.0,nm0596407,113.0,7.2,2364.0
1365,tt0117477,Ridicule,1996.0,nm0496312,102.0,7.3,8598.0
1366,tt0115988,The Crucible,1996.0,nm0405336,124.0,6.8,43147.0
1367,tt0115433,101 Dalmatians,1996.0,nm0378893,103.0,5.8,124769.0
1368,,,,,,,
1369,tt0110171,I Can't Sleep,1994.0,nm0219136,110.0,6.8,1506.0
1370,tt0099423,Die Hard 2,1990.0,nm0001317,124.0,7.2,410389.0
1371,tt0079945,Star Trek: The Motion Picture,1979.0,nm0936404,143.0,6.4,102438.0
1372,tt0102975,Star Trek VI: The Undiscovered Country,1991.0,nm0583292,110.0,7.3,86049.0
1373,tt0098382,Star Trek V: The Final Frontier,1989.0,nm0000638,107.0,5.5,68720.0
1374,,,,,,,
1375,tt0088170,Star Trek III: The Search for Spock,1984.0,nm0000559,105.0,6.7,91716.0
1376,tt0092007,Star Trek IV: The Voyage Home,1986.0,nm0000559,119.0,7.3,97810.0
1377,tt0103776,Batman Returns,1992.0,nm0000318,126.0,7.1,353496.0
1378,tt0096487,Young Guns,1988.0,nm0128883,107.0,6.8,74944.0
1379,tt0100994,Young Guns II,1990.0,nm0614276,104.0,6.5,41072.0
1380,tt0077631,Grease,1978.0,nm0459170,110.0,7.2,330523.0
1381,tt0084021,Grease 2,1982.0,nm0083279,115.0,4.6,41820.0
1382,tt0100114,Marked for Death,1990.0,nm0514546,93.0,5.9,26664.0
1383,tt0115471,Adrenalin: Fear the Rush,1996.0,nm0089502,77.0,3.9,4018.0
1384,tt0117773,The Substance of Fire,1996.0,nm0838016,97.0,5.9,742.0
1385,tt0105690,Under Siege,1992.0,nm0001112,103.0,6.5,104163.0
1386,tt0052287,Terror in a Texas Town,1958.0,nm0507390,80.0,6.8,2707.0
1387,tt0073195,Jaws,1975.0,nm0000229,124.0,8.1,751197.0
1388,tt0077766,Jaws 2,1978.0,nm0844358,116.0,5.8,92974.0
1389,tt0085750,Jaws 3-D,1983.0,nm0023469,98.0,3.8,53666.0
1390,tt0117119,My Fellow Americans,1996.0,nm0781842,101.0,6.5,16727.0
1391,tt0116996,Mars Attacks!,1996.0,nm0000318,106.0,6.4,261534.0
1392,tt0115906,Citizen Ruth,1996.0,nm0668247,106.0,7.0,9857.0
1393,tt0116695,Jerry Maguire,1996.0,nm0001081,139.0,7.3,316771.0
1394,tt0093822,Raising Arizona,1987.0,"nm0001054,nm0001053",94.0,7.3,162478.0
1395,tt0094155,Tin Men,1987.0,nm0001469,112.0,6.6,10805.0
1396,tt0105435,Sneakers,1992.0,nm0004675,126.0,7.1,68240.0
1397,,,,,,,
1398,tt0116621,In Love and War,1996.0,nm0000277,113.0,6.0,9549.0
1399,tt0116999,Marvin's Room,1996.0,nm0952360,98.0,6.7,32281.0
1400,tt0117691,Somebody Is Waiting,1996.0,nm0233026,90.0,6.1,476.0
1401,tt0116410,Ghosts of Mississippi,1996.0,nm0001661,130.0,6.7,13824.0
1404,,,,,,,
1405,tt0115641,Beavis and Butt-Head Do America,1996.0,"nm1070945,nm0221133,nm0438394,nm1301264,nm0431918",81.0,6.8,63371.0
1406,,,,,,,
1407,tt0117571,Scream,1996.0,nm0000127,111.0,7.4,454140.0
1408,tt0104691,The Last of the Mohicans,1992.0,nm0000520,112.0,7.6,210145.0
1409,tt0117038,Michael,1996.0,nm0001188,105.0,5.7,47387.0
1410,tt0116240,The Evening Star,1996.0,nm0363326,129.0,5.9,5333.0
1411,tt0116477,Hamlet,1996.0,nm0000110,242.0,7.7,42256.0
1412,tt0117690,Some Mother's Son,1996.0,nm0313623,112.0,7.2,3198.0
1413,tt0118163,The Whole Wide World,1996.0,nm0006959,111.0,7.0,4439.0
1414,tt0117091,Mother,1996.0,nm0000983,104.0,6.9,7439.0
1415,tt0118100,Thieves,1996.0,nm0029242,117.0,6.7,2423.0
1416,tt0116250,Evita,1996.0,nm0000570,135.0,6.3,39840.0
1417,tt0117364,The Portrait of a Lady,1996.0,nm0001005,144.0,6.2,13606.0
1419,tt0067959,Walkabout,1971.0,nm0001676,100.0,7.6,30169.0
1420,tt0117028,Message to Love: The Isle of Wight Festival,1996.0,nm0503635,127.0,7.6,636.0
1421,,,,,,,
1422,tt0119731,Murder at 1600,1997.0,nm0514546,107.0,6.1,34976.0
1423,,,,,,,
1424,,,,,,,
1425,tt0119115,Fierce Creatures,1997.0,"nm0950000,nm0770961",93.0,6.4,26770.0
1426,tt0120550,Zeus and Roxanne,1997.0,nm0004305,98.0,5.4,3404.0
1427,tt0120390,Turbulence,1997.0,nm0125111,100.0,5.1,13641.0
1428,tt0112362,Angel Baby,1995.0,nm0753382,105.0,6.9,1681.0
1429,,,,,,,
1430,,,,,,,
1431,tt0118708,Beverly Hills Ninja,1997.0,nm0240797,88.0,5.6,47501.0
1432,tt0119664,Metro,1997.0,nm0141961,117.0,5.6,30883.0
1433,,,,,,,
1434,tt0123281,The Stranger,1994.0,nm0295576,70.0,8.0,15.0
1436,tt0080714,Falling in Love Again,1980.0,nm0666999,103.0,5.0,507.0
1437,tt0106535,The Cement Garden,1993.0,nm0001949,101.0,6.9,5928.0
1438,tt0118928,Dante's Peak,1997.0,nm0002044,108.0,6.1,109782.0
1439,tt0119644,Meet Wally Sparks,1997.0,nm0049975,105.0,5.3,4013.0
1440,tt0106266,Amos & Andrew,1993.0,nm0296861,96.0,5.7,10499.0
1441,tt0106387,Benny & Joon,1993.0,nm0154819,98.0,7.1,65905.0
1442,tt0119937,Prefontaine,1997.0,nm0416945,106.0,6.8,7995.0
1443,tt0117907,A Tickle in the Heart,1996.0,nm0777960,87.0,8.2,85.0
1444,,,,,,,
1445,tt0119640,McHale's Navy,1997.0,nm0818465,108.0,4.6,7478.0
1446,tt0116790,Kolya,1996.0,nm0841232,111.0,7.7,17116.0
1447,tt0119225,Gridlock'd,1997.0,nm0193554,91.0,6.9,17666.0
1448,tt0116310,Fire on the Mountain,1996.0,"nm0300795,nm0300816",72.0,7.3,58.0
1449,tt0118111,Waiting for Guffman,1996.0,nm0001302,84.0,7.4,34129.0
1450,tt0116754,Prisoner of the Mountains,1996.0,nm0091076,99.0,7.4,4996.0
1453,tt0118691,The Beautician and the Beast,1997.0,nm0477129,105.0,5.5,10722.0
1454,,,,,,,
1455,tt0116565,Hotel de Love,1996.0,nm0742194,96.0,6.0,752.0
1456,tt0119887,The Pest,1997.0,nm0589106,84.0,4.9,9957.0
1457,tt0119141,Fools Rush In,1997.0,nm0855035,109.0,6.2,42281.0
1458,tt0120357,Touch,1997.0,nm0001707,96.0,5.6,3137.0
1459,tt0118548,Absolute Power,1997.0,nm0000142,121.0,6.7,65689.0
1460,tt0120317,That Darn Cat,1997.0,nm0818639,89.0,4.7,5268.0
1461,tt0120434,Vegas Vacation,1997.0,nm0450387,93.0,6.0,56901.0
1462,tt0118042,Unforgotten: Twenty-Five Years After Willowbrook,1996.0,nm1212046,57.0,6.4,236.0
1463,tt0120318,That Old Feeling,1997.0,nm0005348,105.0,6.1,4281.0
1464,tt0116922,Lost Highway,1997.0,nm0000186,134.0,7.6,173712.0
1465,tt0120036,Rosewood,1997.0,nm0005436,142.0,7.2,9496.0
1466,tt0119008,Donnie Brasco,1997.0,nm0001565,127.0,7.7,361328.0
1467,,,,,,,
1468,tt0118750,Booty Call,1997.0,nm0689385,79.0,5.5,10222.0
1470,tt0120014,Rhyme & Reason,1997.0,nm0819033,90.0,7.4,963.0
1471,tt0118762,Boys Life 2,1997.0,"nm0160602,nm0213726,nm0231909,nm0675235",74.0,6.5,506.0
1472,tt0118859,City of Industry,1997.0,nm0410139,97.0,6.1,7319.0
1473,tt0118702,Best Men,1997.0,nm0205542,90.0,5.5,3188.0
1474,,,,,,,
1475,tt0116743,Kama Sutra: A Tale of Love,1996.0,nm0619762,114.0,6.0,12093.0
1476,tt0119951,Private Parts,1997.0,nm0858525,109.0,6.9,40753.0
1477,tt0119572,Love Jones,1997.0,nm0936673,109.0,7.3,6523.0
1479,tt0120053,The Saint,1997.0,nm0637518,116.0,6.2,78978.0
1480,tt0120152,Smilla's Sense of Snow,1997.0,nm0000806,121.0,6.3,16107.0
1482,tt0118064,The Van,1996.0,nm0001241,100.0,6.7,5150.0
1483,tt0115964,Crash,1996.0,nm0000343,100.0,6.4,73055.0
1484,tt0116041,The Daytrippers,1996.0,nm0609549,87.0,7.1,9196.0
1485,tt0119528,Liar Liar,1997.0,nm0001723,86.0,6.9,367298.0
1486,tt0117422,The Quiet Room,1996.0,nm0208854,92.0,6.7,622.0
1487,tt0120094,Selena,1997.0,nm0622695,127.0,6.9,34236.0
1488,tt0118972,The Devil's Own,1997.0,nm0001587,111.0,6.2,79013.0
1489,tt0118829,Cats Don't Dance,1997.0,nm0227540,75.0,6.9,9379.0
1490,tt0118663,B*A*P*S,1997.0,nm0870186,91.0,4.9,6415.0
1493,tt0116931,Love and Other Catastrophes,1996.0,nm0188521,78.0,6.4,2220.0
1494,tt0120142,The Sixth Man,1997.0,nm0589168,107.0,5.7,6908.0
1495,tt0120389,Turbo: A Power Rangers Movie,1997.0,"nm0506619,nm0003941",99.0,3.8,10560.0
1496,tt0118623,Anna Karenina,1997.0,nm0741262,108.0,6.3,6486.0
1497,tt0119013,Double Team,1997.0,nm0007139,93.0,4.8,39212.0
1498,tt0119381,Inventing the Abbotts,1997.0,nm0640466,110.0,6.4,15477.0
1499,tt0118615,Anaconda,1997.0,nm0515891,89.0,5.0,127523.0
1500,tt0119229,Grosse Pointe Blank,1997.0,nm0000786,107.0,7.3,106077.0
1501,tt0116762,Keys to Tulsa,1997.0,nm0340037,113.0,5.2,1959.0
1502,tt0116783,Kissed,1996.0,nm0832369,78.0,6.4,4219.0
1503,tt0118541,8 Heads in a Duffel Bag,1997.0,nm0776114,95.0,5.4,11841.0
1504,tt0113314,Hollow Reed,1996.0,nm0691078,104.0,7.2,1213.0
1507,tt0119859,Paradise Road,1997.0,nm0000915,122.0,6.8,6307.0
1508,tt0120366,Traveller,1997.0,nm0005726,101.0,6.1,2546.0
1509,tt0118586,All Over Me,1997.0,nm0796357,86.0,6.5,3606.0
1510,tt0118783,A Brother's Kiss,1997.0,nm0742568,92.0,6.0,443.0
1511,tt0117050,A Chef in Love,1996.0,nm0246159,100.0,6.6,898.0
1513,tt0120032,Romy and Michele's High School Reunion,1997.0,nm0592400,92.0,6.4,58880.0
1514,tt0116295,Temptress Moon,1996.0,nm0155280,130.0,6.6,2172.0
1515,tt0120461,Volcano,1997.0,nm0413875,104.0,5.6,88051.0
1516,tt0115886,Children of the Revolution,1996.0,nm0242064,101.0,6.3,2456.0
1517,tt0118655,Austin Powers: International Man of Mystery,1997.0,nm0005366,89.0,7.0,276440.0
1518,tt0118771,Breakdown,1997.0,nm0609236,93.0,7.0,72150.0
1519,tt0115760,Broken English,1996.0,nm0629387,92.0,6.4,791.0
1520,tt0115927,Commandments,1997.0,nm0850044,88.0,5.5,1759.0
1522,tt0117482,Ripe,1996.0,nm0644806,92.0,4.8,1164.0
1523,tt0120383,"Truth or Consequences, N.M.",1997.0,nm0000662,106.0,6.3,5560.0
1524,tt0105660,The Turning,1992.0,nm0700641,91.0,4.2,561.0
1525,tt0120479,Warriors of Virtue,1997.0,nm0950553,101.0,4.8,3953.0
1526,tt0119109,Fathers' Day,1997.0,nm0718645,98.0,5.3,17517.0
1527,tt0119116,The Fifth Element,1997.0,nm0000108,126.0,7.6,552638.0
1528,tt0116643,Intimate Relations,1996.0,nm0328922,105.0,6.2,895.0
1529,tt0119809,Nowhere,1997.0,nm0000777,82.0,6.6,12722.0
1531,,,,,,,
1532,tt0120190,Sprung,1997.0,nm0192090,105.0,5.1,1385.0
1533,tt0117398,The Promise,1996.0,"nm0201094,nm0201095",90.0,7.7,9087.0
1534,,,,,,,
1535,tt0119578,Love! Valour! Compassion!,1997.0,nm0544079,108.0,7.1,3814.0
1537,tt0117615,Shall We Dance?,1996.0,nm0839397,136.0,7.7,12651.0
1538,tt0120087,The Second Jungle Book: Mowgli & Baloo,1997.0,nm0572114,88.0,4.5,1275.0
1539,tt0120394,Twin Town,1997.0,nm0020728,99.0,6.8,6793.0
1541,tt0118556,Addicted to Love,1997.0,nm0001162,100.0,6.1,26905.0
1542,tt0115744,Brassed Off,1996.0,nm0379179,108.0,7.2,22611.0
1543,tt0118964,The Designated Mourner,1997.0,nm0002376,94.0,6.4,387.0
1544,tt0119567,The Lost World: Jurassic Park,1997.0,nm0000229,129.0,6.6,484039.0
1545,tt0117359,Ponette,1996.0,nm0230695,97.0,7.5,5178.0
1546,tt0117561,Schizopolis,1996.0,nm0001752,96.0,6.7,6415.0
1547,,,,,,,
1548,tt0118117,The War at Home,1996.0,nm0000389,123.0,6.9,2749.0
1549,tt0114303,Rough Magic,1995.0,nm0672543,104.0,5.4,2294.0
1550,tt0120373,Trial and Error,1997.0,nm0528718,98.0,5.8,6877.0
1551,tt0118787,Buddy,1997.0,nm0003031,84.0,4.8,2989.0
1552,tt0118880,Con Air,1997.0,nm0922346,115.0,6.9,343175.0
1553,tt0116834,Late Bloomers,1996.0,nm0245747,107.0,6.0,668.0
1554,,,,,,,
1555,tt0112951,To Have (or Not),1995.0,nm0557501,84.0,6.5,335.0
1556,tt0120179,Speed 2: Cruise Control,1997.0,nm0000957,121.0,4.0,90007.0
1557,,,,,,,
1558,tt0117775,Sudden Manhattan,1996.0,nm0791248,80.0,6.2,452.0
1559,,,,,,,
1561,tt0118127,Wedding Bell Blues,1996.0,nm0527325,102.0,5.1,551.0
1562,tt0118688,Batman & Robin,1997.0,nm0001708,125.0,3.8,285354.0
1563,tt0119019,Dream with the Fishes,1997.0,nm0852363,97.0,6.9,1974.0
1564,,,,,,,
1565,tt0116502,Head Above Water,1996.0,nm0933604,92.0,6.0,8745.0
1566,tt0119282,Hercules,1997.0,"nm0166256,nm0615780",93.0,7.3,284471.0
1567,tt0119502,The Last Time I Committed Suicide,1997.0,nm0443181,92.0,5.4,2612.0
1568,tt0116949,MURDER and murder,1996.0,nm0707033,113.0,6.7,102.0
1569,tt0119738,My Best Friend's Wedding,1997.0,nm0389591,105.0,6.4,168994.0
1570,tt0105569,Tetsuo II: Body Hammer,1992.0,nm0875354,83.0,6.4,5758.0
1571,,,,,,,
1572,tt0057345,Contempt,1963.0,nm0000419,102.0,7.4,39809.0
1573,tt0119094,Face/Off,1997.0,nm0000247,138.0,7.3,431851.0
1574,tt0119098,Fall,1997.0,nm0769703,90.0,5.7,2111.0
1575,tt0116384,Gabbeh,1996.0,nm0538532,75.0,6.9,4063.0
1577,,,,,,,
1578,tt0113425,The Innocent Sleep,1995.0,nm0585012,110.0,5.3,389.0
1579,tt0116334,For Ever Mozart,1996.0,nm0000419,84.0,6.2,1267.0
1580,tt0119654,Men in Black,1997.0,nm0001756,98.0,7.3,673135.0
1581,tt0119848,Out to Sea,1997.0,nm0004838,106.0,6.1,10366.0
1582,tt0120512,Wild America,1997.0,nm0213100,106.0,6.4,8821.0
1583,tt0120133,A Simple Wish,1997.0,nm0006916,89.0,5.4,6270.0
1584,tt0118884,Contact,1997.0,nm0000709,150.0,7.5,317630.0
1585,tt0116930,Love Serenade,1996.0,nm0057284,101.0,6.7,1784.0
1586,tt0119173,G.I. Jane,1997.0,nm0000631,125.0,6.1,92927.0
1587,tt0082198,Conan the Barbarian,1982.0,nm0587518,129.0,6.9,175965.0
1588,tt0119190,George of the Jungle,1997.0,nm0918873,92.0,5.6,91540.0
1589,tt0118887,Cop Land,1997.0,nm0003506,105.0,7.0,117460.0
1590,tt0119081,Event Horizon,1997.0,nm0027271,96.0,6.6,218036.0
1591,tt0120177,Spawn,1997.0,nm0228147,96.0,5.2,77440.0
1592,tt0118570,Air Bud,1997.0,nm0001747,98.0,5.4,21767.0
1593,tt0119896,Picture Perfect,1997.0,nm0139111,101.0,5.6,22564.0
1594,tt0119361,In the Company of Men,1997.0,nm0001438,97.0,7.1,14914.0
1595,tt0119152,Free Willy 3: The Rescue,1997.0,nm0683578,86.0,4.8,11417.0
1596,tt0118818,Career Girls,1997.0,nm0005139,83.0,7.1,6803.0
1597,tt0118883,Conspiracy Theory,1997.0,nm0001149,135.0,6.7,115555.0
1598,tt0118966,Desperate Measures,1998.0,nm0775447,100.0,6.1,19294.0
1599,tt0120207,Steel,1997.0,nm0425540,97.0,3.0,16025.0
1600,tt0120112,She's So Lovely,1997.0,nm0001024,100.0,5.9,9136.0
1601,tt0119311,Hoodlum,1997.0,nm0004886,130.0,6.3,14374.0
1602,tt0119509,Leave It to Beaver,1997.0,nm0128225,84.0,5.2,4860.0
1603,tt0119675,Mimic,1997.0,nm0868219,105.0,6.0,60828.0
1604,tt0119695,Money Talks,1997.0,nm0711840,97.0,6.2,33928.0
1605,tt0119086,Excess Baggage,1997.0,nm0104193,101.0,5.4,15258.0
1606,tt0119484,Kull: The Conqueror,1997.0,nm0630372,95.0,4.9,9314.0
1608,tt0118571,Air Force One,1997.0,nm0000583,124.0,6.6,226356.0
1609,,,,,,,
1610,tt0099810,The Hunt for Red October,1990.0,nm0001532,135.0,7.5,234620.0
1611,tt0102494,My Own Private Idaho,1991.0,nm0001814,104.0,6.9,68119.0
1612,tt0119465,"Kiss Me, Guido",1997.0,nm0899854,86.0,6.0,2195.0
1613,tt0120197,Star Maps,1997.0,nm0037708,86.0,5.6,1109.0
1614,tt0119360,In & Out,1997.0,nm0000568,90.0,6.4,46992.0
1615,tt0119051,The Edge,1997.0,nm0848414,117.0,7.0,85890.0
1616,tt0119874,The Peacemaker,1997.0,nm0001460,124.0,6.0,66900.0
1617,tt0119488,L.A. Confidential,1997.0,nm0000436,138.0,8.2,664604.0
1619,tt0120102,Seven Years in Tibet,1997.0,nm0000269,136.0,7.1,170462.0
1620,tt0119468,Kiss the Girls,1997.0,nm0001219,115.0,6.6,101677.0
1621,tt0120169,Soul Food,1997.0,nm0863387,115.0,7.0,9914.0
1622,tt0119457,Kicked in the Head,1997.0,nm0006798,87.0,4.5,1114.0
1623,tt0120524,Wishmaster,1997.0,nm0476071,90.0,5.9,29398.0
1624,tt0120323,A Thousand Acres,1997.0,nm0602104,105.0,6.1,6119.0
1625,tt0119174,The Game,1997.0,nm0000399,129.0,7.7,478251.0
1626,tt0119123,Fire Down Below,1997.0,nm0258066,105.0,5.2,20466.0
1627,tt0120399,U Turn,1997.0,nm0000231,125.0,6.7,58110.0
1628,tt0119557,The Locusts,1997.0,nm0445933,124.0,6.1,2243.0
1629,tt0119632,The MatchMaker,1997.0,nm0423623,97.0,6.6,6236.0
1630,tt0123953,The Lay of the Land,1997.0,nm0037278,94.0,5.0,83.0
1631,tt0118647,The Assignment,1997.0,nm0240995,115.0,6.8,10705.0
1632,tt0120151,A Smile Like Yours,1997.0,nm0760131,98.0,4.8,1601.0
1633,tt0120402,Ulee's Gold,1997.0,nm0638033,113.0,7.0,8081.0
1635,tt0119349,The Ice Storm,1997.0,nm0000487,112.0,7.3,64188.0
1636,tt0120192,Stag,1997.0,nm0928691,91.0,5.6,1147.0
1639,tt0118842,Chasing Amy,1997.0,nm0003620,113.0,7.2,149246.0
1640,tt0119326,How to Be a Player,1997.0,nm0552693,93.0,5.4,9687.0
1641,tt0119164,The Full Monty,1997.0,nm0146341,91.0,7.2,120980.0
1642,,,,,,,
1643,tt0119280,Mrs. Brown,1997.0,nm0006960,101.0,7.2,16508.0
1644,tt0119345,I Know What You Did Last Summer,1997.0,nm0318947,101.0,5.9,183297.0
1645,tt0118971,The Devil's Advocate,1997.0,nm0000431,144.0,7.5,453135.0
1646,,,,,,,
1647,tt0119906,Playing God,1997.0,nm0933002,94.0,5.6,8281.0
1648,tt0119324,The House of Yes,1997.0,nm0914132,85.0,6.6,9416.0
1649,tt0119107,"Fast, Cheap & Out of Control",1997.0,nm0001554,80.0,7.1,4116.0
1650,tt0120481,Washington Square,1997.0,nm0002140,115.0,6.7,3969.0
1651,tt0120303,Telling Lies in America,1997.0,nm0272704,101.0,6.2,2614.0
1652,tt0120539,Year of the Horse,1997.0,nm0000464,106.0,6.6,2064.0
1653,tt0119177,Gattaca,1997.0,nm0629272,106.0,7.7,351417.0
1654,tt0119095,FairyTale: A True Story,1997.0,nm0836430,99.0,6.5,6701.0
1655,tt0119891,Phantoms,1998.0,nm0152640,96.0,5.5,24864.0
1656,tt0120257,Swept from the Sea,1997.0,nm0452319,115.0,6.7,3855.0
1657,tt0120529,Wonderland,1997.0,nm0002416,80.0,7.1,146.0
1658,tt0119535,A Life Less Ordinary,1997.0,nm0000965,103.0,6.3,38646.0
1659,,,,,,,
1660,tt0119080,Eve's Bayou,1997.0,nm0501435,108.0,7.2,13225.0
1661,tt0119210,Switchback,1997.0,nm0835732,118.0,6.5,16347.0
1662,tt0118900,Gang Related,1997.0,nm0467942,111.0,6.4,11250.0
1663,tt0083131,Stripes,1981.0,nm0718645,106.0,6.8,86947.0
1664,,,,,,,
1665,tt0118689,Bean,1997.0,nm0809321,89.0,6.5,117522.0
1666,tt0119327,Hugo Pool,1997.0,nm0002049,92.0,5.0,2204.0
1667,tt0119592,Mad City,1997.0,nm0002020,115.0,6.3,22038.0
1668,tt0119832,One Night Stand,1997.0,nm0001214,102.0,5.9,7483.0
1669,tt0120275,The Tango Lesson,1997.0,nm0006845,100.0,6.7,2600.0
1670,tt0120490,Welcome to Sarajevo,1997.0,nm0935863,103.0,6.7,8190.0
1671,tt0119527,Deceiver,1997.0,"nm0665321,nm0665322",106.0,6.4,7736.0
1672,tt0119978,The Rainmaker,1997.0,nm0000338,135.0,7.2,93773.0
1673,tt0118749,Boogie Nights,1997.0,nm0000759,155.0,7.9,310291.0
1674,tt0090329,Witness,1985.0,nm0001837,112.0,7.3,115674.0
1675,tt0119365,Incognito,1997.0,nm0000824,108.0,6.4,4313.0
1676,tt0120201,Starship Troopers,1997.0,nm0000682,129.0,7.3,350475.0
1677,tt0118901,Critical Care,1997.0,nm0001486,107.0,5.9,2492.0
1678,tt0107282,The Joy Luck Club,1993.0,nm0911061,139.0,7.7,19891.0
1679,,,,,,,
1680,tt0120148,Sliding Doors,1998.0,nm0398185,99.0,6.7,76803.0
1681,tt0119707,Mortal Kombat: Annihilation,1997.0,nm0502954,95.0,3.6,62797.0
1682,tt0120382,The Truman Show,1998.0,nm0001837,103.0,8.2,1410160.0
1683,tt0120520,The Wings of the Dove,1997.0,nm0812200,102.0,7.1,12413.0
1684,tt0119723,Mrs Dalloway,1997.0,nm0331296,97.0,6.5,4629.0
1685,tt0116592,"I Love You, I Love You Not",1996.0,nm0394119,88.0,5.3,3008.0
1686,tt0119994,Red Corner,1997.0,nm0000816,122.0,6.3,19962.0
1687,tt0119395,The Jackal,1997.0,nm0001994,124.0,6.4,132238.0
1688,tt0118617,Anastasia,1997.0,"nm0089940,nm0325776",94.0,7.2,148789.0
1689,tt0120483,The Man Who Knew Too Little,1997.0,nm0000750,94.0,6.6,37628.0
1690,tt0118583,Alien: Resurrection,1997.0,nm0000466,109.0,6.2,294901.0
1692,,,,,,,
1693,tt0118607,Amistad,1997.0,nm0000229,155.0,7.3,88812.0
1694,tt0118632,The Apostle,1997.0,nm0000380,134.0,7.2,16132.0
1695,tt0123385,Artemisia,1997.0,nm0580982,98.0,6.7,2356.0
1696,tt0118698,Bent,1997.0,nm0558773,105.0,7.1,9444.0
1697,,,,,,,
1698,,,,,,,
1699,,,,,,,
1701,tt0118954,Deconstructing Harry,1997.0,nm0000095,96.0,7.3,50873.0
1702,tt0119137,Flubber,1997.0,nm0562645,93.0,5.3,101410.0
1703,tt0119142,For Richer or Poorer,1997.0,nm0818465,115.0,5.9,13204.0
1704,tt0119217,Good Will Hunting,1997.0,nm0001814,126.0,8.4,1245512.0
1705,tt0116465,Guy,1996.0,nm0512327,94.0,6.1,610.0
1706,,,,,,,
1707,tt0119303,Home Alone 3,1997.0,nm0331532,102.0,4.6,139783.0
1708,tt0119352,Ill Gotten Gains,1997.0,nm0550446,101.0,5.2,105.0
1709,tt0130073,Legal Deceit,1997.0,nm0365131,93.0,3.4,86.0
1710,,,,,,,
1711,tt0119668,Midnight in the Garden of Good and Evil,1997.0,nm0000142,155.0,6.6,44161.0
1713,,,,,,,
1714,tt0117167,Never Met Picasso,1996.0,nm0452772,101.0,5.5,173.0
1715,tt0119819,Office Killer,1997.0,nm0792398,82.0,5.2,2615.0
1716,,,,,,,
1717,tt0120082,Scream 2,1997.0,nm0000127,120.0,6.4,240750.0
1718,tt0120222,Stranger in the House,1997.0,nm0316592,94.0,5.3,258.0
1719,tt0120255,The Sweet Hereafter,1997.0,nm0000382,112.0,7.4,37194.0
1720,,,,,,,
1721,tt0120338,Titanic,1997.0,nm0000116,194.0,8.0,1415286.0
1722,tt0120347,Tomorrow Never Dies,1997.0,nm0006854,119.0,6.5,217944.0
1723,tt0117994,Twisted,1996.0,nm0233094,100.0,4.8,208.0
1724,tt0118230,Full Speed,1996.0,nm0603588,85.0,6.2,924.0
1725,tt0119052,The Education of Little Tree,1997.0,nm0295030,112.0,7.2,1924.0
1726,tt0119925,The Postman,1997.0,nm0000126,177.0,6.1,84161.0
1727,tt0119314,The Horse Whisperer,1998.0,nm0000602,169.0,6.7,47101.0
1728,tt0120521,The Winter Guest,1997.0,nm0000614,108.0,6.8,3989.0
1729,tt0119396,Jackie Brown,1997.0,nm0000233,154.0,7.5,408789.0
1730,tt0119485,Kundun,1997.0,nm0000217,134.0,7.0,32539.0
1731,tt0119718,Mr. Magoo,1997.0,nm0867262,87.0,4.1,17020.0
1732,tt0118715,The Big Lebowski,1998.0,"nm0001054,nm0001053",117.0,8.1,925549.0
1733,tt0118566,Afterglow,1997.0,nm0748928,119.0,6.0,4124.0
1734,,,,,,,
1735,tt0119223,Great Expectations,1998.0,nm0190859,111.0,6.8,61012.0
1738,tt0120881,Vermin,1998.0,nm0409197,80.0,6.2,12.0
1739,,,,,,,
1740,tt0119655,Men of Means,1998.0,nm0578899,80.0,5.4,184.0
1741,tt0112619,Midaq Alley,1995.0,nm0284639,140.0,7.3,3680.0
1742,tt0119988,Caught Up,1998.0,nm0779011,97.0,5.5,1206.0
1743,,,,,,,
1744,tt0120670,Firestorm,1998.0,nm0005871,89.0,4.9,4597.0
1746,tt0120820,Senseless,1998.0,nm0790715,93.0,6.0,18008.0
1747,tt0120885,Wag the Dog,1997.0,nm0001469,97.0,7.1,94305.0
1748,tt0118929,Dark City,1998.0,nm0001639,100.0,7.5,228914.0
1749,tt0116845,The Leading Man,1996.0,nm0241090,100.0,5.6,1716.0
1750,tt0120478,Star Kid,1997.0,nm0182873,101.0,5.3,3426.0
1752,tt0120696,Hard Rain,1998.0,nm0004121,97.0,5.9,38849.0
1753,tt0120693,Half Baked,1998.0,nm0205542,82.0,6.6,71619.0
1754,tt0119099,Fallen,1998.0,nm0387706,124.0,7.0,106087.0
1755,tt0120122,Shooting Fish,1997.0,nm0777447,103.0,6.5,8044.0
1756,,,,,,,
1757,,,,,,,
1758,tt0118892,Dangerous Beauty,1998.0,nm0380980,111.0,7.1,20960.0
1759,tt0119815,Four Days in September,1997.0,nm0000853,110.0,7.4,6498.0
1760,tt0120185,Spice World,1997.0,nm0818639,93.0,3.8,38657.0
1762,tt0118956,Deep Rising,1998.0,nm0814085,106.0,6.1,45647.0
1764,tt0128690,Tainted,1998.0,nm0262585,108.0,4.1,141.0
1765,tt0119521,A Letter from Death Row,1998.0,"nm0048745,nm0584297",89.0,3.7,678.0
1767,tt0119734,Music from Another Room,1998.0,nm0676361,104.0,6.2,5762.0
1768,,,,,,,
1769,tt0120008,The Replacement Killers,1998.0,nm0298807,87.0,6.1,32196.0
1770,tt0120594,B. Monkey,1998.0,nm0705535,92.0,5.9,3684.0
1771,,,,,,,
1772,tt0118747,Blues Brothers 2000,1998.0,nm0000484,123.0,4.9,36458.0
1773,tt0114690,Tokyo Fist,1995.0,nm0875354,87.0,7.0,4787.0
1774,,,,,,,
1776,tt0120707,Ride,1998.0,nm0791381,90.0,4.5,901.0
1777,tt0120888,The Wedding Singer,1998.0,nm0178997,97.0,6.9,175276.0
1779,tt0120184,Sphere,1998.0,nm0001469,134.0,6.1,118439.0
1780,,,,,,,
1781,,,,,,,
1782,,,,,,,
1783,tt0120782,Palmetto,1998.0,nm0772522,114.0,6.1,9058.0
1784,tt0119822,As Good as It Gets,1997.0,nm0000985,139.0,7.7,340655.0
1785,tt0099939,King of New York,1990.0,nm0001206,103.0,6.9,50103.0
1787,,,,,,,
1788,tt0119657,Men with Guns,1997.0,nm0000626,127.0,7.6,2988.0
1789,tt0114322,The Sadness of Sex,1995.0,nm0906548,87.0,6.4,118.0
1791,tt0119594,Twilight,1998.0,nm0000914,94.0,6.2,14201.0
1792,,,,,,,
1793,tt0120491,Welcome to Woop Woop,1997.0,nm0254632,106.0,5.7,2313.0
1794,tt0119574,Love and Death on Long Island,1997.0,nm0477193,93.0,6.9,4344.0
1795,,,,,,,
1796,tt0140282,In God's Hands,1998.0,nm0455394,96.0,5.5,1303.0
1797,,,,,,,
1798,tt0118744,Hush,1998.0,nm0200978,96.0,5.5,14938.0
1799,tt0120241,Suicide Kings,1997.0,nm0640964,106.0,6.9,30812.0
1801,tt0120744,The Man in the Iron Mask,1998.0,nm0908824,132.0,6.5,192754.0
1804,tt0120769,The Newton Boys,1998.0,nm0000500,122.0,6.1,13320.0
1805,tt0120890,Wild Things,1998.0,nm0573796,108.0,6.6,142344.0
1806,tt0125454,Paulie,1998.0,nm0731253,91.0,6.6,17680.0
1807,tt0120642,"A Cool, Dry Place",1998.0,nm0808807,97.0,6.2,3285.0
1809,,,,,,,
1810,tt0119942,Primary Colors,1998.0,nm0001566,143.0,6.7,31720.0
1811,tt0119780,"Niagara, Niagara",1997.0,nm0331606,93.0,6.8,1826.0
1812,tt0120510,Wide Awake,1998.0,nm0796117,88.0,5.8,4863.0
1814,tt0120793,A Price Above Rubies,1998.0,nm0945026,117.0,6.5,3092.0
1815,,,,,,,
1816,tt0124179,Two Girls and a Guy,1997.0,nm0864812,84.0,5.5,7678.0
1817,tt0119560,No Looking Back,1998.0,nm0122653,96.0,5.9,2291.0
1819,,,,,,,
1820,tt0120108,The Proposition,1998.0,nm0322128,110.0,6.2,2519.0
1821,tt0120772,The Object of My Affection,1998.0,nm0405336,111.0,6.0,22831.0
1822,tt0120645,Meet the Deedles,1998.0,nm0102434,93.0,4.2,3378.0
1824,tt0119305,Homegrown,1998.0,nm0350455,102.0,5.7,5356.0
1825,,,,,,,
1826,tt0120598,Barney's Great Adventure,1998.0,nm0326837,76.0,3.3,3840.0
1827,tt0124295,The Big One,1997.0,nm0601619,91.0,7.1,8131.0
1829,tt0118851,Chinese Box,1997.0,nm0911061,99.0,6.2,3780.0
1830,,,,,,,
1831,tt0120738,Lost in Space,1998.0,nm0394280,130.0,5.3,78210.0
1832,tt0119272,Heaven's Burning,1997.0,nm0481567,99.0,5.7,2456.0
1833,tt0120749,Mercury Rising,1998.0,nm0000887,111.0,6.1,82002.0
1834,tt0120176,The Spanish Prisoner,1997.0,nm0000519,110.0,7.1,26550.0
1835,tt0120632,City of Angels,1998.0,nm0797869,114.0,6.7,136183.0
1836,tt0120728,The Last Days of Disco,1998.0,nm0001775,113.0,6.7,15346.0
1837,tt0120773,The Odd Couple II,1998.0,nm0222043,97.0,6.5,11543.0
1839,tt0120765,My Giant,1998.0,nm0499724,103.0,5.0,7512.0
1840,tt0124718,He Got Game,1998.0,nm0000490,136.0,6.9,55345.0
1841,tt0119196,The Gingerbread Man,1998.0,nm0000265,114.0,5.7,12287.0
1842,tt0118229,Illtown,1996.0,nm0327064,103.0,5.5,545.0
1843,tt0120213,Slappy and the Stinkers,1998.0,nm0446060,78.0,5.1,1558.0
1844,tt0118819,Live Flesh,1997.0,nm0000264,103.0,7.3,35922.0
1845,tt0120906,Zero Effect,1998.0,nm0440458,116.0,6.8,16213.0
1846,tt0119792,Nil by Mouth,1997.0,nm0000198,128.0,7.3,11230.0
1847,tt0117443,Ratchet,1996.0,nm0425410,114.0,4.5,147.0
1848,tt0118755,The Borrowers,1997.0,nm0382072,89.0,5.9,24054.0
1849,tt0119947,Prince Valiant,1997.0,nm0382776,91.0,5.1,2686.0
1850,,,,,,,
1851,tt0119508,Leather Jacket Love Story,1997.0,nm0213983,85.0,6.3,569.0
1852,,,,,,,
1853,tt0118577,An Alan Smithee Film: Burn Hollywood Burn,1997.0,"nm0002137,nm0000647",86.0,3.5,3895.0
1854,tt0120723,Kissing a Fool,1998.0,nm0254120,93.0,5.6,5322.0
1855,tt0120725,Krippendorf's Tribe,1998.0,nm0390844,94.0,5.1,6652.0
1856,tt0138563,Kurt & Courtney,1998.0,nm0112374,95.0,6.1,7499.0
1857,tt0119987,The Real Blonde,1997.0,nm0001139,105.0,6.0,4552.0
1858,tt0117786,Mr. Nice Guy,1997.0,nm0005033,88.0,6.3,31423.0
1859,tt0120265,Taste of Cherry,1997.0,nm0452102,95.0,7.7,45317.0
1860,tt0119448,Character,1997.0,nm0226016,122.0,7.6,12064.0
1861,tt0118785,Junk Mail,1997.0,nm0805760,83.0,6.7,2153.0
1862,tt0120841,Species II,1998.0,nm0575389,93.0,4.6,34185.0
1863,tt0120742,Major League: Back to the Minors,1998.0,nm0912889,100.0,4.7,8767.0
1864,tt0120838,Sour Grapes,1998.0,nm0202970,91.0,5.8,3177.0
1865,,,,,,,
1866,tt0120609,The Big Hit,1998.0,nm0939202,91.0,6.1,33509.0
1867,tt0120856,Tarzan and the Lost City,1998.0,nm0770918,83.0,4.0,2486.0
1868,,,,,,,
1869,tt0120610,Black Dog,1998.0,nm0393661,89.0,5.5,10880.0
1870,tt0118925,"Dancer, Texas Pop. 81",1998.0,nm0564827,97.0,6.6,2730.0
1871,tt0119952,A Friend of the Deceased,1997.0,nm0471503,100.0,6.9,511.0
1872,,,,,,,
1873,,,,,,,
1874,tt0120211,Still Breathing,1997.0,nm0732706,109.0,6.4,3782.0
1875,tt0118866,Clockwatchers,1997.0,nm0819613,96.0,6.6,7907.0
1876,tt0120647,Deep Impact,1998.0,nm0001460,120.0,6.3,207997.0
1877,tt0145048,Little Men,1998.0,nm0316592,98.0,6.3,722.0
1878,tt0120531,Woo,1998.0,nm0902939,84.0,4.3,2409.0
1879,tt0125128,The Hanging Garden,1997.0,nm0280396,91.0,6.8,3165.0
1880,tt0119506,Lawn Dogs,1997.0,nm0241090,101.0,7.4,9375.0
1881,tt0120800,Quest for Camelot,1998.0,nm0238865,86.0,6.3,19891.0
1882,tt0120685,Godzilla,1998.0,nm0000386,139.0,5.5,215072.0
1883,tt0118798,Bulworth,1998.0,nm0000886,108.0,6.8,28401.0
1884,tt0120669,Fear and Loathing in Las Vegas,1998.0,nm0000416,118.0,7.4,322047.0
1885,tt0120777,The Opposite of Sex,1998.0,nm0740400,105.0,6.4,22349.0
1886,tt0131436,I Got the Hook Up,1998.0,nm0552786,93.0,4.2,2542.0
1887,tt0119053,Almost Heroes,1998.0,nm0001302,90.0,5.8,19129.0
1888,tt0119313,Hope Floats,1998.0,nm0001845,114.0,6.1,33384.0
1889,tt0119375,Insomnia,1997.0,nm0804408,96.0,7.2,17790.0
1890,tt0119547,Little Boy Blue,1997.0,nm0862532,105.0,6.2,2378.0
1891,tt0120401,The Ugly,1997.0,nm0721944,93.0,6.0,3279.0
1892,tt0120787,A Perfect Murder,1998.0,nm0001112,107.0,6.6,99713.0
1893,tt0116692,Beyond Silence,1996.0,nm0512862,109.0,7.4,4782.0
1894,tt0120828,Six Days Seven Nights,1998.0,nm0718645,102.0,5.9,88834.0
1895,tt0127723,Can't Hardly Wait,1998.0,"nm0253323,nm0438226",100.0,6.5,57964.0
1896,tt0118894,Cousin Bette,1998.0,nm0005197,108.0,6.2,3010.0
1897,tt0139362,High Art,1998.0,nm0158966,101.0,6.6,11852.0
1898,tt0119494,The Land Girls,1998.0,nm0500896,111.0,6.2,2329.0
1899,,,,,,,
1900,,,,,,,
1901,tt0150290,Dear Jesse,1997.0,nm0456693,82.0,6.9,164.0
1902,tt0116141,Dream for an Insomniac,1996.0,nm0213329,90.0,5.9,3136.0
1903,tt0126938,Hav Plenty,1997.0,nm0156017,92.0,6.3,1251.0
1904,tt0122529,Henry Fool,1997.0,nm0001325,137.0,7.1,8273.0
1905,tt0143614,Marie Baie des Anges,1997.0,nm0694946,90.0,5.9,642.0
1906,tt0119717,Mr. Jealousy,1997.0,nm0000876,103.0,6.3,2817.0
1907,tt0120762,Mulan,1998.0,"nm0051643,nm0176905",87.0,7.7,351614.0
1908,tt0140508,Resurrection Man,1998.0,nm0263009,102.0,5.4,892.0
1909,,,,,,,
1910,tt0126344,I Went Down,1997.0,nm0106456,107.0,6.7,2521.0
1911,tt0118998,Doctor Dolittle,1998.0,nm0858525,85.0,5.5,107743.0
1912,tt0120780,Out of Sight,1998.0,nm0001752,123.0,7.0,106611.0
1913,tt0073540,Picnic at Hanging Rock,1975.0,nm0001837,115.0,7.3,46693.0
1914,tt0120321,Smoke Signals,1998.0,nm0264220,89.0,7.2,12303.0
1915,tt0120443,Voyage to the Beginning of the World,1997.0,nm0210701,91.0,6.9,897.0
1916,tt0118789,Buffalo '66,1998.0,nm0001252,110.0,7.4,67724.0
1917,tt0120591,Armageddon,1998.0,nm0000881,151.0,6.7,484468.0
1918,tt0122151,Lethal Weapon 4,1998.0,nm0001149,127.0,6.6,182083.0
1919,tt0123987,Madeline,1998.0,nm0902939,88.0,6.0,8689.0
1920,tt0122718,Small Soldiers,1998.0,nm0001102,110.0,6.3,111592.0
1921,tt0138704,Pi,1998.0,nm0004716,84.0,7.3,193936.0
1922,tt0140688,Whatever,1998.0,nm0804641,112.0,6.4,1077.0
1923,tt0129387,There's Something About Mary,1998.0,"nm0125803,nm0268380",119.0,7.1,351535.0
1924,tt0052077,Plan 9 from Outer Space,1958.0,nm0000248,79.0,3.9,42773.0
1925,tt0018578,Wings,1927.0,"nm0920074,nm0195496",144.0,7.5,16593.0
1926,tt0019729,The Broadway Melody,1929.0,nm0064600,100.0,5.5,9224.0
1927,tt0020629,All Quiet on the Western Front,1930.0,nm0587277,152.0,8.1,72860.0
1928,tt0021746,Cimarron,1931.0,nm0749484,123.0,5.8,7941.0
1929,tt0022958,Grand Hotel,1932.0,nm0332539,112.0,7.3,22967.0
1930,tt0023876,Cavalcade,1933.0,nm0515979,112.0,5.7,6786.0
1931,tt0026752,Mutiny on the Bounty,1935.0,nm0515979,132.0,7.6,27003.0
1932,tt0027698,The Great Ziegfeld,1936.0,nm0502752,176.0,6.6,9923.0
1933,tt0029146,The Life of Emile Zola,1937.0,nm0226189,116.0,7.1,10146.0
1934,tt0030993,You Can't Take It with You,1938.0,nm0001008,126.0,7.8,30784.0
1935,tt0033729,How Green Was My Valley,1941.0,nm0000406,118.0,7.7,29655.0
1936,tt0035093,Mrs. Miniver,1942.0,nm0943758,134.0,7.6,21604.0
1937,tt0036872,Going My Way,1944.0,nm0564970,126.0,7.0,14991.0
1938,tt0037884,The Lost Weekend,1945.0,nm0000697,101.0,7.8,43760.0
1939,tt0036868,The Best Years of Our Lives,1946.0,nm0943758,170.0,8.1,77273.0
1940,tt0039416,Gentleman's Agreement,1947.0,nm0001415,118.0,7.2,19387.0
1941,tt0040416,Hamlet,1948.0,nm0000059,154.0,7.5,20162.0
1942,tt0041113,All the King's Men,1949.0,nm0744035,110.0,7.4,18368.0
1943,tt0044672,The Greatest Show on Earth,1952.0,nm0001124,152.0,6.5,17617.0
1944,tt0045793,From Here to Eternity,1953.0,nm0003593,118.0,7.6,54936.0
1945,tt0047296,On the Waterfront,1954.0,nm0001415,108.0,8.1,181442.0
1946,tt0048356,Marty,1955.0,nm0542720,90.0,7.6,31087.0
1947,tt0055614,West Side Story,1961.0,"nm0730385,nm0936404",153.0,7.6,128935.0
1948,tt0057590,Tom Jones,1963.0,nm0724798,129.0,6.3,15554.0
1949,tt0060665,A Man for All Seasons,1966.0,nm0003593,120.0,7.7,40867.0
1950,tt0061811,In the Heat of the Night,1967.0,nm0422484,110.0,7.9,92623.0
1951,tt0063385,Oliver!,1968.0,nm0715346,153.0,7.4,44904.0
1952,tt0064665,Midnight Cowboy,1969.0,nm0772259,113.0,7.8,133013.0
1953,tt0067116,The French Connection,1971.0,nm0001243,104.0,7.6,152765.0
1954,tt0075148,Rocky,1976.0,nm0000814,120.0,8.1,703019.0
1955,tt0079417,Kramer vs. Kramer,1979.0,nm0000914,105.0,7.8,168463.0
1956,tt0081283,Ordinary People,1980.0,nm0000602,124.0,7.7,62754.0
1957,tt0082158,Chariots of Fire,1981.0,nm0399853,125.0,7.1,71811.0
1958,tt0086425,Terms of Endearment,1983.0,nm0000985,132.0,7.4,71515.0
1959,tt0089755,Out of Africa,1985.0,nm0001628,161.0,7.2,94354.0
1960,tt0093389,The Last Emperor,1987.0,nm0000934,163.0,7.7,121145.0
1961,tt0095953,Rain Man,1988.0,nm0001469,133.0,8.0,590865.0
1962,tt0097239,Driving Miss Daisy,1989.0,nm0000915,99.0,7.3,124819.0
1963,tt0065063,Take the Money and Run,1969.0,nm0000095,85.0,7.2,33164.0
1964,tt0067309,Klute,1971.0,nm0001587,114.0,7.1,34453.0
1965,tt0087995,Repo Man,1984.0,nm0007182,92.0,6.8,46260.0
1966,tt0100142,Metropolitan,1990.0,nm0001775,98.0,7.2,13909.0
1967,tt0091369,Labyrinth,1986.0,nm0001345,101.0,7.3,167248.0
1968,tt0088847,The Breakfast Club,1985.0,nm0000455,97.0,7.8,477977.0
1969,tt0089686,A Nightmare on Elm Street Part 2: Freddy's Revenge,1985.0,nm0794791,87.0,5.5,87488.0
1970,tt0093629,A Nightmare on Elm Street 3: Dream Warriors,1987.0,nm0751080,96.0,6.7,101254.0
1971,tt0095742,A Nightmare on Elm Street 4: The Dream Master,1988.0,nm0001317,93.0,5.6,68993.0
1972,,,,,,,
1973,tt0101917,Freddy's Dead: The Final Nightmare,1991.0,nm0003080,89.0,4.7,56527.0
1974,tt0080761,Friday the 13th,1980.0,nm0192446,95.0,6.4,177616.0
1975,tt0082418,Friday the 13th: Part 2,1981.0,nm0591171,87.0,6.1,89103.0
1976,,,,,,,
1977,tt0087298,Friday the 13th: The Final Chapter,1984.0,nm0957263,91.0,6.0,67786.0
1978,,,,,,,
1979,tt0091080,Friday the 13th Part VI: Jason Lives,1986.0,nm0572951,86.0,6.0,58474.0
1980,,,,,,,
1981,tt0097388,Friday the 13th Part VIII: Jason Takes Manhattan,1989.0,nm0373154,100.0,4.5,49157.0
1982,tt0077651,Halloween,1978.0,nm0000118,91.0,7.7,343927.0
1983,tt0082495,Halloween II,1981.0,nm0742819,92.0,6.5,113841.0
1984,,,,,,,
1985,tt0095271,Halloween 4: The Return of Michael Myers,1988.0,nm0514546,88.0,5.8,65613.0
1986,tt0097474,Halloween 5: The Revenge of Michael Myers,1989.0,nm0652860,96.0,4.9,52876.0
1987,tt0081383,Prom Night,1980.0,nm0528420,92.0,5.3,24339.0
1988,tt0093176,Hello Mary Lou: Prom Night II,1987.0,nm0685923,97.0,5.8,9094.0
1989,,,,,,,
1990,,,,,,,
1991,tt0094862,Child's Play,1988.0,nm0276169,87.0,6.7,134234.0
1992,tt0099253,Child's Play 2,1990.0,nm0480843,84.0,6.0,65672.0
1993,,,,,,,
1994,tt0084516,Poltergeist,1982.0,nm0001361,114.0,7.3,197313.0
1995,tt0091778,Poltergeist II: The Other Side,1986.0,nm0001270,91.0,5.7,33279.0
1996,tt0095889,Poltergeist III,1988.0,nm0792446,98.0,4.7,22771.0
1997,tt0070047,The Exorcist,1973.0,nm0001243,122.0,8.1,505723.0
1998,tt0076009,Exorcist II: The Heretic,1977.0,"nm0000958,nm0657853",117.0,3.8,31296.0
1999,tt0099528,The Exorcist III,1990.0,nm0087861,110.0,6.5,42854.0
2000,tt0093409,Lethal Weapon,1987.0,nm0001149,109.0,7.6,299186.0
2001,tt0097733,Lethal Weapon 2,1989.0,nm0001149,114.0,7.3,203451.0
2002,tt0104714,Lethal Weapon 3,1992.0,nm0001149,118.0,6.7,190309.0
2003,tt0087363,Gremlins,1984.0,nm0001102,106.0,7.3,277979.0
2004,tt0099700,Gremlins 2: The New Batch,1990.0,nm0001102,106.0,6.5,120505.0
2005,tt0089218,The Goonies,1985.0,nm0001149,114.0,7.7,330970.0
2006,tt0120746,The Mask of Zorro,1998.0,nm0132709,136.0,6.8,212478.0
2007,tt0119910,Polish Wedding,1998.0,nm0175115,105.0,5.5,3483.0
2008,,,,,,,
2009,tt0070723,Soylent Green,1973.0,nm0281507,97.0,7.0,75090.0
2010,,,,,,,
2011,tt0096874,Back to the Future Part II,1989.0,nm0000709,108.0,7.8,630505.0
2012,tt0099088,Back to the Future Part III,1990.0,nm0000709,118.0,7.5,527245.0
2013,tt0069113,The Poseidon Adventure,1972.0,nm0623768,117.0,7.1,54772.0
2014,,,,,,,
2015,tt0054594,The Absent Minded Professor,1961.0,nm0829038,97.0,6.7,10223.0
2016,tt0078790,The Apple Dumpling Gang Rides Again,1979.0,nm0568546,88.0,6.0,3648.0
2017,tt0054649,Babes in Toyland,1961.0,nm0232902,106.0,6.1,5262.0
2018,tt0034492,Bambi,1942.0,"nm0019282,nm0035899,nm0359457,nm0373871,nm0730860,nm0766402,nm0942687,nm0204190,nm0314671",69.0,7.3,167207.0
2019,tt0047478,Seven Samurai,1954.0,nm0000041,207.0,8.6,406442.0
2020,tt0094947,Dangerous Liaisons,1988.0,nm0001241,119.0,7.5,80904.0
2021,tt0087182,Dune,1984.0,nm0000186,137.0,6.2,194354.0
2022,tt0095497,The Last Temptation of Christ,1988.0,nm0000217,164.0,7.5,69084.0
2023,tt0099674,The Godfather Part III,1990.0,nm0000338,162.0,7.5,461415.0
2024,tt0102757,The Rapture,1991.0,nm0866062,100.0,6.3,6494.0
2025,tt0119558,Lolita,1997.0,nm0001490,137.0,6.8,75916.0
2026,tt0134619,Disturbing Behavior,1998.0,nm0638354,84.0,5.7,28119.0
2027,tt0120741,Mafia!,1998.0,nm0000720,87.0,5.6,16810.0
2028,tt0120815,Saving Private Ryan,1998.0,nm0000229,169.0,8.6,1665243.0
2029,,,,,,,
2030,,,,,,,
2031,,,,,,,
2032,tt0066811,The Barefoot Executive,1971.0,nm0125111,96.0,5.9,2224.0
2033,tt0088814,The Black Cauldron,1985.0,"nm0075859,nm0723704",80.0,6.3,46067.0
2034,tt0078869,The Black Hole,1979.0,nm0625379,98.0,5.9,30650.0
2035,tt0062737,Blackbeard's Ghost,1968.0,nm0829038,106.0,6.8,7581.0
2036,tt0109287,Blank Check,1994.0,nm0906548,93.0,5.3,24301.0
2037,tt0075807,Candleshoe,1977.0,nm0865709,101.0,6.7,5501.0
2038,tt0077305,The Cat from Outer Space,1978.0,nm0865709,104.0,6.0,6816.0
2039,tt0097053,Cheetah,1989.0,nm0090015,83.0,5.9,1325.0
2040,,,,,,,
2041,tt0082199,Condorman,1981.0,nm0418986,90.0,5.7,5846.0
2042,tt0109520,D2: The Mighty Ducks,1994.0,nm0918873,106.0,6.1,46331.0
2043,tt0052722,Darby O'Gill and the Little People,1959.0,nm0829038,93.0,7.1,10338.0
2044,tt0082263,The Devil and Max Devlin,1981.0,nm0827854,96.0,5.0,1560.0
2045,tt0106868,A Far Off Place,1993.0,nm0004121,108.0,6.5,4047.0
2046,tt0091059,Flight of the Navigator,1986.0,nm0459170,90.0,6.9,56061.0
2047,tt0061715,The Gnome-Mobile,1967.0,nm0829038,84.0,6.5,2697.0
2048,tt0091149,The Great Mouse Detective,1986.0,"nm0166256,nm0560329,nm0585150,nm0615780",74.0,7.1,59788.0
2049,tt0061749,The Happiest Millionaire,1967.0,nm0865709,141.0,6.5,2717.0
2050,tt0080861,Herbie Goes Bananas,1980.0,nm0568546,100.0,4.9,6924.0
2051,tt0076137,Herbie Goes to Monte Carlo,1977.0,nm0568546,105.0,5.7,8947.0
2052,tt0107120,Hocus Pocus,1993.0,nm0650905,96.0,6.9,174506.0
2053,tt0104437,"Honey, I Blew Up the Kid",1992.0,nm0459170,89.0,4.9,49953.0
2054,tt0097523,"Honey, I Shrunk the Kids",1989.0,nm0002653,93.0,6.5,179327.0
2055,tt0077698,Hot Lead and Cold Feet,1978.0,nm0125111,90.0,6.1,1635.0
2056,tt0056095,In Search of the Castaways,1962.0,nm0829038,98.0,6.6,3797.0
2057,tt0057180,The Incredible Journey,1963.0,nm0548529,80.0,7.0,5795.0
2058,tt0120768,The Negotiator,1998.0,nm0336620,140.0,7.3,171083.0
2059,tt0120783,The Parent Trap,1998.0,nm0583600,128.0,6.7,177119.0
2060,tt0131857,BASEketball,1998.0,nm0001878,103.0,6.5,69521.0
2061,tt0119165,Full Tilt Boogie,1997.0,nm0446848,97.0,6.6,2963.0
2062,tt0120687,The Governess,1998.0,nm0325128,115.0,6.2,3330.0
2063,tt0124115,Seventh Heaven,1997.0,nm0415245,88.0,6.5,435.0
2064,tt0098213,Roger & Me,1989.0,nm0601619,91.0,7.5,28340.0
2065,tt0089853,The Purple Rose of Cairo,1985.0,nm0000095,82.0,7.6,58505.0
2066,tt0039689,Out of the Past,1947.0,nm0869664,97.0,7.9,45288.0
2067,tt0059113,Doctor Zhivago,1965.0,nm0000180,197.0,7.9,88148.0
2068,tt0083922,Fanny and Alexander,1982.0,nm0000005,322.0,8.1,71928.0
2069,tt0090203,The Trip to Bountiful,1985.0,nm0557751,108.0,7.4,5953.0
2070,tt0086423,Tender Mercies,1983.0,nm0000915,92.0,7.3,14729.0
2071,,,,,,,
2072,tt0096734,The 'Burbs,1989.0,nm0001102,102.0,6.8,93649.0
2073,tt0089126,Fandango,1985.0,nm0721817,91.0,6.7,9882.0
2074,tt0071910,The Night Porter,1974.0,nm0146960,118.0,6.6,16740.0
2075,tt0082736,Mephisto,1981.0,nm0843640,146.0,7.7,12731.0
2076,tt0090756,Blue Velvet,1986.0,nm0000186,120.0,7.7,249856.0
2077,tt0089385,The Journey of Natty Gann,1985.0,nm0434571,101.0,7.0,7886.0
2078,tt0061852,The Jungle Book,1967.0,nm0718627,78.0,7.6,215934.0
2079,tt0053994,Kidnapped,1960.0,nm0829038,97.0,6.5,1774.0
2080,tt0048280,Lady and the Tramp,1955.0,"nm0314671,nm0414144,nm0527217,nm0194018",76.0,7.3,164201.0
2081,tt0097757,The Little Mermaid,1989.0,"nm0166256,nm0615780",83.0,7.6,315878.0
2082,tt0104868,The Mighty Ducks,1992.0,nm0378893,104.0,6.6,77698.0
2083,tt0104940,The Muppet Christmas Carol,1992.0,nm0005008,85.0,7.8,82812.0
2084,tt0104990,Newsies,1992.0,nm0650905,121.0,6.9,24627.0
2085,,,,,,,
2086,tt0089731,One Magic Christmas,1985.0,nm0097491,89.0,6.4,5148.0
2087,tt0046183,Peter Pan,1953.0,"nm0314671,nm0414144,nm0527217,nm0455741",77.0,7.2,167921.0
2088,tt0081353,Popeye,1980.0,nm0000265,114.0,5.4,38147.0
2089,tt0100477,The Rescuers Down Under,1990.0,"nm0125186,nm0300265",77.0,6.8,51923.0
2090,tt0076618,The Rescuers,1977.0,"nm0522028,nm0718627,nm0828245",77.0,6.9,76256.0
2091,tt0078158,Return from Witch Mountain,1978.0,nm0396421,95.0,5.7,6202.0
2092,,,,,,,
2093,tt0089908,Return to Oz,1985.0,nm0004555,113.0,6.7,34588.0
2094,tt0102803,The Rocketeer,1991.0,nm0002653,108.0,6.6,66530.0
2095,tt0075200,The Shaggy D.A.,1976.0,nm0829038,91.0,5.8,3834.0
2096,tt0053285,Sleeping Beauty,1959.0,"nm0164203,nm0314671,nm0488981,nm0718627,nm0527217",75.0,7.2,173033.0
2097,tt0086336,Something Wicked This Way Comes,1983.0,nm0002338,95.0,6.7,13195.0
2098,,,,,,,
2099,tt0038969,Song of the South,1946.0,"nm0287836,nm0414144",94.0,6.9,15383.0
2100,tt0088161,Splash,1984.0,nm0000165,111.0,6.3,89382.0
2101,tt0111271,Squanto: A Warrior's Tale,1994.0,nm0002699,102.0,6.1,1594.0
2102,,,,,,,
2103,,,,,,,
2104,tt0084783,Tex,1982.0,nm0006853,103.0,6.5,2807.0
2105,tt0084827,Tron,1982.0,nm0513974,96.0,6.7,147725.0
2106,tt0108265,Swing Kids,1993.0,nm0141961,112.0,6.8,18434.0
2107,,,,,,,
2108,tt0102250,L.A. Story,1991.0,nm0413875,95.0,6.7,35011.0
2109,tt0079367,The Jerk,1979.0,nm0005348,94.0,7.1,69479.0
2110,tt0083798,Dead Men Don't Wear Plaid,1982.0,nm0005348,88.0,6.8,26106.0
2111,tt0085894,The Man with Two Brains,1983.0,nm0005348,93.0,6.4,29931.0
2112,tt0101969,Grand Canyon,1991.0,nm0001410,134.0,6.8,17601.0
2113,tt0099697,Graveyard Shift,1990.0,nm0802326,86.0,5.0,14442.0
2114,tt0086066,The Outsiders,1983.0,nm0000338,91.0,7.0,111593.0
2115,tt0087469,Indiana Jones and the Temple of Doom,1984.0,nm0000229,118.0,7.5,574511.0
2116,tt0077869,The Lord of the Rings,1978.0,nm0000835,132.0,6.2,38699.0
2117,,,,,,,
2118,tt0085407,The Dead Zone,1983.0,nm0000343,103.0,7.1,85745.0
2119,tt0091499,Maximum Overdrive,1986.0,nm0000175,98.0,5.4,40625.0
2120,tt0107665,Needful Things,1993.0,nm0381699,121.0,6.3,30953.0
2121,tt0085382,Cujo,1983.0,nm0853546,93.0,6.1,55283.0
2122,tt0087050,Children of the Corn,1984.0,nm0452607,92.0,5.6,63604.0
2123,tt0096787,All Dogs Go to Heaven,1989.0,"nm0089940,nm0325776,nm0473941",84.0,6.8,50243.0
2124,tt0101272,The Addams Family,1991.0,nm0001756,99.0,7.0,203573.0
2125,tt0120631,Ever After: A Cinderella Story,1998.0,nm0855035,121.0,7.1,87159.0
2126,tt0120832,Snake Eyes,1998.0,nm0000361,98.0,6.2,94381.0
2127,tt0128214,"First Love, Last Rites",1997.0,nm0673400,94.0,5.6,384.0
2128,tt0120813,Safe Men,1998.0,nm0357453,88.0,5.8,3791.0
2129,,,,,,,
2130,tt0080388,Atlantic City,1980.0,nm0001501,104.0,7.3,20047.0
2131,tt0077711,Autumn Sonata,1978.0,nm0000005,99.0,8.1,43651.0
2132,tt0061184,Who's Afraid of Virginia Woolf?,1966.0,nm0001566,131.0,8.0,83866.0
2133,tt0092513,Adventures in Babysitting,1987.0,nm0001060,102.0,7.0,55045.0
2134,tt0090305,Weird Science,1985.0,nm0000455,94.0,6.6,106936.0
2135,tt0061584,Doctor Dolittle,1967.0,nm0281507,152.0,6.2,11177.0
2136,tt0057372,The Nutty Professor,1963.0,nm0001471,107.0,6.6,19680.0
2137,tt0070016,Charlotte's Web,1973.0,"nm0629363,nm0847314",94.0,6.9,23113.0
2138,tt0078480,Watership Down,1978.0,"nm0742034,nm0399524",92.0,7.5,43926.0
2139,tt0084649,The Secret of NIMH,1982.0,nm0089940,82.0,7.5,49525.0
2140,tt0083791,The Dark Crystal,1982.0,"nm0001345,nm0000568",93.0,7.1,78099.0
2141,tt0090633,An American Tail,1986.0,nm0089940,80.0,6.9,62194.0
2142,tt0101329,An American Tail: Fievel Goes West,1991.0,"nm0629216,nm0920425",75.0,6.5,30562.0
2143,tt0089469,Legend,1985.0,nm0000631,89.0,6.3,81443.0
2144,tt0088128,Sixteen Candles,1984.0,nm0000455,93.0,7.0,136712.0
2145,tt0091790,Pretty in Pink,1986.0,nm0222043,97.0,6.7,96576.0
2146,tt0090060,St. Elmo's Fire,1985.0,nm0001708,108.0,6.4,51195.0
2147,tt0090848,The Clan of the Cave Bear,1986.0,nm0152469,98.0,5.4,7561.0
2148,,,,,,,
2149,tt0093220,House II: The Second Story,1987.0,nm0928832,88.0,5.4,13524.0
2150,tt0080801,The Gods Must Be Crazy,1980.0,nm0371059,109.0,7.3,63732.0
2151,tt0097443,The Gods Must Be Crazy II,1989.0,nm0371059,98.0,6.8,19275.0
2152,tt0140796,Air Bud: Golden Receiver,1998.0,nm0552954,90.0,4.6,6718.0
2153,tt0118661,The Avengers,1998.0,nm0154819,89.0,3.8,46058.0
2154,tt0120703,How Stella Got Her Groove Back,1998.0,nm0838198,124.0,5.8,9062.0
2155,,,,,,,
2156,tt0133413,The Best Man,1997.0,nm0002194,101.0,6.1,472.0
2157,,,,,,,
2158,tt0116516,"Henry: Portrait of a Serial Killer, Part 2",1996.0,nm0661257,84.0,5.1,1490.0
2159,,,,,,,
2160,tt0063522,Rosemary's Baby,1968.0,nm0000591,137.0,8.0,261432.0
2161,tt0088323,The NeverEnding Story,1984.0,nm0000583,102.0,7.3,172897.0
2162,tt0100240,The NeverEnding Story II: The Next Chapter,1990.0,nm0004305,89.0,5.1,29341.0
2163,,,,,,,
2164,tt0094077,Surf Nazis Must Die,1987.0,nm0313569,83.0,3.8,6519.0
2165,tt0119517,Your Friends and Neighbors,1998.0,nm0001438,100.0,6.3,8665.0
2166,tt0124595,Return to Paradise,1998.0,nm0747849,111.0,6.9,16197.0
2167,tt0120611,Blade,1998.0,nm0635759,120.0,7.1,336556.0
2168,tt0120576,Dance with Me,1998.0,nm0354279,126.0,6.0,7247.0
2169,tt0118301,Dead Man on Campus,1998.0,nm0169874,96.0,6.0,15849.0
2170,tt0120901,Wrongfully Accused,1998.0,nm0698493,87.0,6.1,32582.0
2171,tt0119778,Next Stop Wonderland,1998.0,nm0026442,104.0,6.5,5401.0
2172,,,,,,,
2173,,,,,,,
2174,tt0094721,Beetlejuice,1988.0,nm0000318,92.0,7.4,423193.0
2175,tt0119033,Déjà Vu,1997.0,nm0415617,117.0,6.8,991.0
2176,tt0040746,Rope,1948.0,nm0000033,80.0,7.9,166843.0
2177,tt0074512,Family Plot,1976.0,nm0000033,120.0,6.8,27179.0
2178,tt0068611,Frenzy,1972.0,nm0000033,116.0,7.4,53909.0
2179,tt0065112,Topaz,1969.0,nm0000033,143.0,6.2,21241.0
2180,tt0061107,Torn Curtain,1966.0,nm0000033,128.0,6.6,32014.0
2181,tt0058329,Marnie,1964.0,nm0000033,130.0,7.1,58184.0
2182,tt0051207,The Wrong Man,1956.0,nm0000033,105.0,7.4,35269.0
2183,tt0049470,The Man Who Knew Too Much,1956.0,nm0000033,120.0,7.4,77092.0
2184,tt0048750,The Trouble with Harry,1955.0,nm0000033,99.0,7.0,43480.0
2185,tt0045897,I Confess,1953.0,nm0000033,95.0,7.2,25637.0
2186,tt0044079,Strangers on a Train,1951.0,nm0000033,101.0,7.9,149390.0
2187,tt0042994,Stage Fright,1950.0,nm0000033,111.0,7.0,17971.0
2188,tt0120577,54,1998.0,nm0160602,93.0,5.9,36213.0
2189,tt0119346,I Married a Strange Person!,1997.0,nm0687739,72.0,6.9,2460.0
2190,tt0123324,Why Do Fools Fall in Love,1998.0,nm0622695,116.0,6.4,4871.0
2191,tt0119453,A Merry War,1997.0,nm0081590,101.0,6.3,1669.0
2192,tt0139564,See the Sea,1997.0,nm0654830,52.0,6.7,2515.0
2193,tt0096446,Willow,1988.0,nm0000165,126.0,7.2,139587.0
2194,tt0094226,The Untouchables,1987.0,nm0000361,119.0,7.8,357538.0
2195,tt0120654,Dirty Work,1998.0,nm0756114,82.0,6.4,33474.0
2196,tt0120724,Knock Off,1998.0,nm0007139,91.0,4.9,17686.0
2197,tt0119125,Firelight,1997.0,nm0629933,103.0,7.2,5309.0
2198,tt0139468,Modulations,1998.0,nm0497422,75.0,7.3,554.0
2199,tt0119892,Phoenix,1998.0,nm0134176,107.0,6.3,4780.0
2200,tt0042004,Under Capricorn,1949.0,nm0000033,117.0,6.2,9113.0
2201,tt0039694,The Paradine Case,1947.0,nm0000033,125.0,6.5,13643.0
2202,tt0037017,Lifeboat,1944.0,nm0000033,97.0,7.6,34254.0
2203,tt0036342,Shadow of a Doubt,1943.0,nm0000033,108.0,7.7,76208.0
2204,tt0035279,Saboteur,1942.0,nm0000033,109.0,7.1,29992.0
2205,tt0033922,Mr. & Mrs. Smith,1941.0,nm0000033,95.0,6.3,12329.0
2206,tt0034248,Suspicion,1941.0,nm0000033,99.0,7.2,45740.0
2207,tt0031505,Jamaica Inn,1939.0,nm0000033,98.0,6.3,12454.0
2208,tt0030341,The Lady Vanishes,1938.0,nm0000033,96.0,7.7,62156.0
2209,tt0029811,Young and Innocent,1937.0,nm0000033,83.0,6.8,12273.0
2210,tt0028212,Sabotage,1936.0,nm0000033,76.0,7.0,21055.0
2211,tt0028231,Secret Agent,1936.0,nm0000033,86.0,6.4,9810.0
2212,tt0025452,The Man Who Knew Too Much,1934.0,nm0000033,75.0,6.7,23906.0
2213,,,,,,,
2214,tt0023285,Number 17,1932.0,nm0000033,66.0,5.6,6132.0
2215,,,,,,,
2216,tt0022395,The Skin Game,1931.0,nm0000033,85.0,5.7,4019.0
2217,tt0020852,Elstree Calling,1930.0,"nm0116103,nm0153266,nm0000033,nm0401323,nm0615208",86.0,4.9,642.0
2218,,,,,,,
2219,tt0021165,Murder!,1930.0,nm0000033,92.0,6.3,7948.0
2220,tt0020142,The Manxman,1929.0,nm0000033,110.0,6.2,3714.0
2221,tt0019702,Blackmail,1929.0,nm0000033,85.0,6.9,13752.0
2222,tt0018756,Champagne,1928.0,nm0000033,86.0,5.4,3065.0
2223,tt0018876,The Farmer's Wife,1928.0,nm0000033,129.0,5.8,3494.0
2224,tt0017825,Downhill,1927.0,nm0000033,110.0,6.0,3604.0
2225,,,,,,,
2226,tt0018328,The Ring,1927.0,nm0000033,89.0,6.1,4406.0
2227,,,,,,,
2228,tt0016127,The Mountain Eagle,1926.0,nm0000033,57.0,,
2229,tt0016230,The Pleasure Garden,1925.0,nm0000033,75.0,5.7,3329.0
2230,,,,,,,
2231,tt0128442,Rounders,1998.0,nm0001093,121.0,7.3,174000.0
2232,tt0123755,Cube,1997.0,nm0622112,90.0,7.1,264141.0
2233,,,,,,,
2234,tt0165857,Let's Talk About Sex,1998.0,nm0004752,82.0,3.8,347.0
2235,tt0120775,One Man's Hero,1999.0,nm0393678,121.0,6.0,1440.0
2236,tt0124879,Simon Birch,1998.0,nm0425756,114.0,6.8,23192.0
2237,tt0119934,Without Limits,1998.0,nm0001801,117.0,7.2,8078.0
2238,,,,,,,
2239,,,,,,,
2240,tt0081207,My Bodyguard,1980.0,nm0082300,102.0,7.1,11865.0
2241,tt0085346,Class,1983.0,nm0137573,98.0,6.0,14039.0
2242,tt0087359,"Grandview, U.S.A.",1984.0,nm0459170,97.0,5.5,2570.0
2243,tt0092699,Broadcast News,1987.0,nm0000985,133.0,7.3,37273.0
2244,tt0092537,The Allnighter,1987.0,nm0389311,108.0,4.4,1658.0
2245,tt0096463,Working Girl,1988.0,nm0001566,113.0,6.8,68798.0
2246,tt0096166,Stars and Bars,1988.0,nm0640466,94.0,4.8,1127.0
2247,tt0095593,Married to the Mob,1988.0,nm0001129,104.0,6.3,22349.0
2248,tt0098258,Say Anything,1989.0,nm0001081,100.0,7.3,104233.0
2249,tt0100212,My Blue Heaven,1990.0,nm0006889,97.0,6.3,24330.0
2250,tt0100134,Men Don't Leave,1990.0,nm0001887,115.0,6.6,3013.0
2251,tt0101530,The Cabinet of Dr. Ramirez,1991.0,nm0783299,111.0,5.4,208.0
2252,tt0104412,Hero,1992.0,nm0001241,119.0,6.5,25407.0
2253,tt0105629,Toys,1992.0,nm0001469,118.0,5.2,35688.0
2254,tt0082172,Choices,1981.0,nm0621469,90.0,4.3,434.0
2255,tt0084938,Young Doctors in Love,1982.0,nm0005190,96.0,5.5,3698.0
2256,tt0084472,Parasite,1982.0,nm0023929,85.0,4.1,3480.0
2257,tt0087810,No Small Affair,1984.0,nm0770234,102.0,5.6,2773.0
2258,,,,,,,
2259,tt0086973,Blame It on Rio,1984.0,nm0002045,100.0,5.8,13370.0
2260,tt0092225,Wisdom,1986.0,nm0000389,109.0,5.8,3946.0
2261,tt0091680,One Crazy Summer,1986.0,nm0390822,93.0,6.4,18580.0
2262,tt0090583,About Last Night,1986.0,nm0001880,113.0,6.3,19554.0
2263,tt0096073,The Seventh Sign,1988.0,nm0776209,97.0,5.8,17279.0
2264,tt0098625,We're No Angels,1989.0,nm0001403,106.0,6.1,26555.0
2265,tt0102558,Nothing But Trouble,1991.0,nm0000101,94.0,5.2,30731.0
2266,tt0101523,The Butcher's Wife,1991.0,nm0400958,107.0,5.4,8147.0
2267,tt0102469,Mortal Thoughts,1991.0,nm0748928,103.0,5.8,10680.0
2268,tt0104257,A Few Good Men,1992.0,nm0001661,138.0,7.8,322392.0
2269,tt0107211,Indecent Proposal,1993.0,nm0001490,117.0,6.1,88346.0
2270,tt0109390,A Century of Cinema,1994.0,nm0858599,72.0,6.3,311.0
2271,tt0120788,Permanent Midnight,1998.0,nm0892705,88.0,6.2,8505.0
2272,tt0120776,One True Thing,1998.0,nm0002083,127.0,6.9,13485.0
2273,tt0120812,Rush Hour,1998.0,nm0711840,98.0,7.1,335934.0
2274,,,,,,,
2275,tt0118736,Six-String Samurai,1998.0,nm0612812,91.0,6.4,8591.0
2276,tt0120835,A Soldier's Daughter Never Cries,1998.0,nm0412465,127.0,6.7,2549.0
2277,,,,,,,
2278,tt0122690,Ronin,1998.0,nm0001239,122.0,7.2,210529.0
2279,tt0146336,Urban Legend,1998.0,nm0087595,99.0,5.6,79390.0
2280,tt0118863,Clay Pigeons,1998.0,nm0229694,104.0,6.6,12678.0
2281,tt0119802,Monument Ave.,1998.0,nm0001130,93.0,6.6,2007.0
2282,tt0126604,Pecker,1998.0,nm0000691,87.0,6.4,15823.0
2283,tt0100594,The Sheltering Sky,1990.0,nm0000934,138.0,6.7,14975.0
2284,tt0109206,Bandit Queen,1994.0,nm0001408,119.0,7.5,5952.0
2285,tt0063850,If....,1968.0,nm0000755,111.0,7.4,26669.0
2286,tt0080731,The Fiendish Plot of Dr. Fu Manchu,1980.0,"nm0353592,nm0000634",100.0,4.9,2576.0
2287,tt0047573,Them!,1954.0,nm0235066,94.0,7.2,27252.0
2288,tt0084787,The Thing,1982.0,nm0000118,109.0,8.2,536885.0
2289,tt0105151,The Player,1992.0,nm0000265,124.0,7.5,73191.0
2290,tt0081554,Stardust Memories,1980.0,nm0000095,89.0,7.2,25433.0
2291,tt0099487,Edward Scissorhands,1990.0,nm0000318,105.0,7.8,571227.0
2292,,,,,,,
2293,tt0144604,Shadrach,1998.0,nm0836610,88.0,6.4,1450.0
2294,tt0120587,Antz,1998.0,"nm0201509,nm0426333",83.0,6.5,172520.0
2295,tt0120823,The Impostors,1998.0,nm0001804,101.0,6.5,5620.0
2296,tt0120770,A Night at the Roxbury,1998.0,nm0287198,82.0,6.2,69735.0
2297,tt0120889,What Dreams May Come,1998.0,nm0911910,113.0,7.0,121946.0
2298,tt0124102,Strangeland,1998.0,nm0682239,85.0,5.1,8517.0
2299,,,,,,,
2300,,,,,,,
2301,tt0082517,History of the World: Part I,1981.0,nm0000316,92.0,6.8,59649.0
2302,tt0104952,My Cousin Vinny,1992.0,nm0528718,119.0,7.6,162160.0
2303,tt0073440,Nashville,1975.0,nm0000265,160.0,7.6,31941.0
2304,,,,,,,
2305,tt0139615,Slam,1998.0,nm0505660,100.0,7.1,2600.0
2306,tt0120701,Holy Man,1998.0,nm0378893,114.0,5.0,21994.0
2307,tt0122642,One Tough Cop,1998.0,nm0000853,90.0,5.2,1551.0
2308,tt0069966,Detroit 9000,1973.0,nm0548769,106.0,6.3,1288.0
2309,tt0141824,The Inheritors,1998.0,nm0752328,95.0,7.3,1219.0
2310,tt0119670,The Mighty,1998.0,nm0155093,100.0,7.2,15044.0
2311,,,,,,,
2312,tt0090830,Children of a Lesser God,1986.0,nm0354279,119.0,7.2,20254.0
2313,tt0080678,The Elephant Man,1980.0,nm0000186,124.0,8.2,284932.0
2314,tt0120603,Beloved,1998.0,nm0001129,172.0,6.1,8858.0
2315,tt0144120,Bride of Chucky,1998.0,nm0950553,89.0,5.7,71470.0
2316,tt0120791,Practical Magic,1998.0,nm0001162,104.0,6.4,123193.0
2317,tt0119534,The Alarmist,1997.0,nm0243019,92.0,5.2,1081.0
2318,tt0147612,Happiness,1998.0,nm0001754,140.0,7.7,80936.0
2319,,,,,,,
2320,tt0118636,Apt Pupil,1998.0,nm0001741,111.0,6.7,44712.0
2321,tt0120789,Pleasantville,1998.0,nm0002657,124.0,7.5,146004.0
2322,tt0120157,Soldier,1998.0,nm0027271,99.0,6.1,62389.0
2323,tt0150230,The Cruise,1998.0,nm0587955,76.0,7.5,2103.0
2324,tt0118799,Life Is Beautiful,1997.0,nm0000905,116.0,8.6,824336.0
2325,tt0124819,Orgazmo,1997.0,nm0005295,94.0,6.1,39502.0
2326,tt0143874,Shattered Image,1998.0,nm0749914,102.0,4.8,784.0
2327,tt0100740,Tales from the Darkside: The Movie,1990.0,nm0365666,93.0,6.2,21268.0
2328,tt0120877,Vampires,1998.0,nm0000118,108.0,6.1,69221.0
2329,tt0120586,American History X,1998.0,nm0443411,119.0,8.5,1288646.0
2330,,,,,,,
2331,tt0120722,Living Out Loud,1998.0,nm0481418,100.0,6.5,5222.0
2332,tt0158493,Belly,1998.0,nm0930782,96.0,6.2,14193.0
2333,tt0120684,Gods and Monsters,1998.0,nm0174374,105.0,7.3,34521.0
2334,tt0133952,The Siege,1998.0,nm0001880,116.0,6.4,83921.0
2335,tt0120484,The Waterboy,1998.0,nm0178997,90.0,6.2,194457.0
2336,tt0127536,Elizabeth,1998.0,nm0001408,124.0,7.4,111095.0
2337,tt0120879,Velvet Goldmine,1998.0,nm0001331,123.0,6.9,40773.0
2338,tt0130018,I Still Know What You Did Last Summer,1998.0,nm0134176,100.0,4.8,89414.0
2339,tt0155753,I'll Be Home for Christmas,1998.0,nm0762541,86.0,5.6,13436.0
2340,tt0119643,Meet Joe Black,1998.0,nm0000976,178.0,7.2,304159.0
2341,tt0120643,Dancing at Lughnasa,1998.0,nm0640466,95.0,6.3,4485.0
2342,tt0116488,Hard Core Logo,1996.0,nm0567680,92.0,7.2,2974.0
2343,,,,,,,
2344,tt0089941,Runaway Train,1985.0,nm0464846,111.0,7.2,37646.0
2345,tt0090934,Desert Bloom,1986.0,nm0180644,105.0,6.6,1204.0
2346,tt0073747,The Stepford Wives,1975.0,nm0285302,115.0,6.9,22091.0
2347,tt0087932,The Pope of Greenwich Village,1984.0,nm0742341,121.0,6.6,11237.0
2348,tt0091954,Sid and Nancy,1986.0,nm0007182,112.0,7.0,37329.0
2349,tt0091538,Mona Lisa,1986.0,nm0001403,104.0,7.3,19686.0
2350,tt0099750,Heart Condition,1990.0,nm0663489,100.0,5.6,4489.0
2351,tt0050783,Nights of Cabiria,1957.0,nm0000019,110.0,8.1,57725.0
2352,tt0085244,The Big Chill,1983.0,nm0001410,105.0,7.1,46088.0
2353,tt0120660,Enemy of the State,1998.0,nm0001716,132.0,7.3,277324.0
2354,tt0134067,The Rugrats Movie,1998.0,"nm0468335,nm0899329",79.0,6.0,22187.0
2355,tt0120623,A Bug's Life,1998.0,"nm0005124,nm0004056",95.0,7.2,341960.0
2356,tt0120533,Celebrity,1998.0,nm0000095,113.0,6.3,28913.0
2357,tt0140888,Central Station,1998.0,nm0758574,110.0,8.0,51738.0
2358,tt0120070,Savior,1998.0,nm0031342,103.0,7.2,12264.0
2359,tt0166396,Waking Ned Devine,1998.0,nm0428600,91.0,7.3,30082.0
2360,tt0154420,The Celebration,1998.0,nm0899121,101.0,8.0,100977.0
2361,tt0069089,Pink Flamingos,1972.0,nm0000691,93.0,6.0,31554.0
2362,tt0045826,Glen or Glenda,1953.0,nm0000248,65.0,4.3,9817.0
2363,tt0047034,Godzilla,1954.0,nm0393094,96.0,7.6,46462.0
2364,,,,,,,
2365,tt13364334,King Kong vs. Godzilla,1962.0,nm0393094,97.0,6.2,3269.0
2366,tt0024216,King Kong,1933.0,"nm0178260,nm0774325",100.0,7.9,96737.0
2367,tt0074751,King Kong,1976.0,nm0347086,134.0,6.0,38852.0
2368,tt0091344,King Kong Lives,1986.0,"nm0347086,nm1635724",105.0,4.0,7577.0
2369,tt0089017,Desperately Seeking Susan,1985.0,nm0782384,104.0,6.2,29554.0
2370,tt0089087,The Emerald Forest,1985.0,nm0000958,114.0,6.9,12275.0
2371,tt0089155,Fletch,1985.0,nm0006916,98.0,6.9,62114.0
2372,tt0097366,Fletch Lives,1989.0,nm0006916,95.0,6.1,24730.0
2373,tt0089893,Red Sonja,1985.0,nm0281507,89.0,5.1,48813.0
2374,tt0091159,Gung Ho,1986.0,nm0000165,111.0,6.3,15199.0
2375,tt0091541,The Money Pit,1986.0,nm0000907,90.0,6.4,67839.0
2376,tt0090264,A View to a Kill,1985.0,nm0322515,131.0,6.3,114163.0
2377,tt0089489,Lifeforce,1985.0,nm0001361,101.0,6.2,35463.0
2378,tt0087928,Police Academy,1984.0,nm0933505,96.0,6.7,150848.0
2379,tt0089822,Police Academy 2: Their First Assignment,1985.0,"nm0661577,nm0797526",87.0,5.8,64172.0
2380,tt0091777,Police Academy 3: Back in Training,1986.0,nm0661577,83.0,5.4,52575.0
2381,tt0093756,Police Academy 4: Citizens on Patrol,1987.0,nm0236930,88.0,5.0,49161.0
2382,tt0095882,Police Academy 5: Assignment: Miami Beach,1988.0,nm0002887,90.0,4.7,39971.0
2383,tt0098105,Police Academy 6: City Under Siege,1989.0,nm0094288,84.0,4.4,34267.0
2384,tt0120595,Babe: Pig in the City,1998.0,nm0004306,97.0,5.9,37937.0
2385,tt0119304,Home Fries,1998.0,nm0661751,91.0,5.2,9641.0
2386,,,,,,,
2387,tt0124198,Very Bad Things,1998.0,nm0000916,100.0,6.3,51285.0
2388,tt0119248,Steam: The Turkish Bath,1997.0,nm0654858,94.0,6.8,7956.0
2389,tt0155975,Psycho,1998.0,nm0001814,105.0,4.6,53199.0
2390,tt0147004,Little Voice,1998.0,nm0379179,97.0,7.0,17919.0
2391,tt0120324,A Simple Plan,1998.0,nm0000600,121.0,7.5,85212.0
2392,tt0141109,Jack Frost,1998.0,nm0003474,101.0,5.5,44957.0
2393,tt0120844,Star Trek: Insurrection,1998.0,nm0000408,103.0,6.4,83894.0
2394,tt0120794,The Prince of Egypt,1998.0,"nm0152312,nm9054338,nm0920425",99.0,7.3,164979.0
2395,tt0128445,Rushmore,1998.0,nm0027572,93.0,7.6,209893.0
2396,tt0138097,Shakespeare in Love,1998.0,nm0006960,123.0,7.1,244548.0
2397,tt0087688,Mass Appeal,1984.0,nm0429958,99.0,6.7,1226.0
2398,tt0039628,Miracle on 34th Street,1947.0,nm0780833,96.0,7.9,60163.0
2399,,,,,,,
2400,tt0098115,Prancer,1989.0,nm0359386,103.0,6.5,7298.0
2401,tt0089767,Pale Rider,1985.0,nm0000142,115.0,7.3,71839.0
2402,tt0089880,Rambo: First Blood Part II,1985.0,nm0181902,96.0,6.5,198726.0
2403,tt0083944,First Blood,1982.0,nm0467646,93.0,7.7,306408.0
2404,tt0095956,Rambo III,1988.0,nm0003423,102.0,5.8,151520.0
2405,tt0089370,The Jewel of the Nile,1985.0,nm0853546,106.0,6.1,66876.0
2406,tt0088011,Romancing the Stone,1984.0,nm0000709,106.0,6.9,113360.0
2407,tt0088933,Cocoon,1985.0,nm0000165,117.0,6.7,74181.0
2408,tt0094890,Cocoon: The Return,1988.0,nm0677951,116.0,5.4,18399.0
2409,tt0079817,Rocky II,1979.0,nm0000230,119.0,7.3,254820.0
2410,tt0084602,Rocky III,1982.0,nm0000230,99.0,6.9,233001.0
2411,tt0089927,Rocky IV,1985.0,nm0000230,91.0,6.9,249956.0
2412,tt0100507,Rocky V,1990.0,nm0000814,104.0,5.4,164442.0
2413,tt0088930,Clue,1985.0,nm0528718,94.0,7.3,128076.0
2414,tt0090357,Young Sherlock Holmes,1985.0,nm0001469,109.0,6.8,25596.0
2415,tt0092173,Violets Are Blue...,1986.0,nm0279926,88.0,5.8,1280.0
2416,tt0090685,Back to School,1986.0,nm0582635,96.0,6.7,40201.0
2417,tt0091188,Heartburn,1986.0,nm0001566,108.0,6.1,14323.0
2418,tt0091653,Nothing in Common,1986.0,nm0005190,118.0,5.9,8819.0
2419,tt0091024,Extremities,1986.0,nm0950001,89.0,6.3,5014.0
2420,tt0087538,The Karate Kid,1984.0,nm0000814,126.0,7.4,275137.0
2421,tt0091326,The Karate Kid Part II,1986.0,nm0000814,113.0,6.2,111345.0
2422,,,,,,,
2423,,,,,,,
2424,tt0128853,You've Got Mail,1998.0,nm0001188,119.0,6.8,249011.0
2425,tt0120706,The General,1998.0,nm0000958,124.0,7.2,9878.0
2426,tt0120861,The Theory of Flight,1998.0,nm0339030,101.0,6.5,2798.0
2427,tt0120863,The Thin Red Line,1998.0,nm0000517,170.0,7.6,214114.0
2428,tt0133751,The Faculty,1998.0,nm0001675,104.0,6.6,149847.0
2429,tt0120751,Mighty Joe Young,1998.0,nm0881038,114.0,5.7,32924.0
2430,tt0041650,Mighty Joe Young,1949.0,nm0774325,94.0,7.0,6319.0
2431,tt0129290,Patch Adams,1998.0,nm0001723,115.0,6.9,131613.0
2432,tt0120686,Stepmom,1998.0,nm0001060,125.0,6.8,81315.0
2433,tt0120633,A Civil Action,1998.0,nm0001873,115.0,6.6,32995.0
2434,tt0142231,Down in the Delta,1998.0,nm0029723,112.0,6.9,2021.0
2435,tt0119336,Hurlyburly,1998.0,nm0237292,122.0,5.7,10781.0
2436,tt0120857,Tea with Mussolini,1999.0,nm0001874,117.0,6.9,13966.0
2437,tt0120514,Wilde,1997.0,nm0317981,118.0,6.9,17849.0
2438,tt0144546,Outside Ozona,1998.0,nm0136592,100.0,6.0,1022.0
2439,tt0118564,Affliction,1997.0,nm0001707,114.0,6.9,21958.0
2440,tt0127722,Another Day in Paradise,1998.0,nm0164187,101.0,6.5,9788.0
2441,tt0120699,The Hi-Lo Country,1998.0,nm0001241,114.0,6.1,4887.0
2442,tt0150915,Hilary and Jackie,1998.0,nm0875793,121.0,7.3,11364.0
2443,tt0145734,Playing by Heart,1998.0,nm0141033,121.0,6.9,21151.0
2444,,,,,,,
2445,tt0132512,At First Sight,1999.0,nm0005563,128.0,6.0,15455.0
2446,tt0120710,In Dreams,1999.0,nm0001403,100.0,5.5,14254.0
2447,tt0139699,Varsity Blues,1999.0,nm0005367,106.0,6.6,54047.0
2448,tt0120458,Virus,1999.0,nm0116497,99.0,5.1,32462.0
2449,tt0093072,The Garbage Pail Kids Movie,1987.0,nm0024120,100.0,2.7,9395.0
2450,tt0091225,Howard the Duck,1986.0,nm0404754,110.0,4.8,55396.0
2451,tt0093075,The Gate,1987.0,nm0847749,85.0,6.1,22139.0
2452,,,,,,,
2453,tt0090768,The Boy Who Could Fly,1986.0,nm0145309,114.0,6.6,7202.0
2454,tt0051622,The Fly,1958.0,nm0627087,94.0,7.1,28387.0
2455,tt0091064,The Fly,1986.0,nm0000343,96.0,7.6,227835.0
2456,tt0097368,The Fly II,1989.0,nm0906901,105.0,5.2,26668.0
2457,tt0091875,Running Scared,1986.0,nm0001382,107.0,6.5,17676.0
2458,tt0090660,Armed and Dangerous,1986.0,nm0504495,88.0,5.8,14303.0
2459,,,,,,,
2460,tt0092076,The Texas Chainsaw Massacre 2,1986.0,nm0001361,101.0,5.6,44752.0
2461,tt0099994,Leatherface: Texas Chainsaw Massacre III,1990.0,nm0123009,85.0,5.0,22287.0
2462,,,,,,,
2463,tt0091877,Ruthless People,1986.0,"nm0000720,nm0001878,nm0958387",93.0,6.9,33495.0
2464,tt0092112,Trick or Treat,1986.0,nm0001747,98.0,5.9,9525.0
2465,tt0090917,Deadly Friend,1986.0,nm0000127,91.0,5.6,10021.0
2466,tt0090710,Belizaire the Cajun,1986.0,nm0685789,103.0,6.5,581.0
2467,tt0091605,The Name of the Rose,1986.0,nm0000269,130.0,7.7,128879.0
2468,tt0091306,Jumpin' Jack Flash,1986.0,nm0001508,105.0,6.0,22036.0
2469,tt0091738,Peggy Sue Got Married,1986.0,nm0000338,103.0,6.4,43494.0
2470,tt0090555,Crocodile Dundee,1986.0,nm0265363,97.0,6.7,125648.0
2471,tt0092493,Crocodile Dundee II,1988.0,nm0180257,111.0,5.7,65005.0
2472,tt0092105,Tough Guys,1986.0,nm0437596,104.0,6.3,8525.0
2473,tt0091991,Soul Man,1986.0,nm0591171,104.0,5.3,9973.0
2474,tt0090863,The Color of Money,1986.0,nm0000217,119.0,7.0,102881.0
2475,tt0090567,52 Pick-Up,1986.0,nm0001239,110.0,6.4,8536.0
2476,tt0091187,Heartbreak Ridge,1986.0,nm0000142,130.0,6.8,53042.0
2477,tt0091055,Firewalker,1986.0,nm0496746,105.0,5.2,9115.0
2478,tt0092086,¡Three Amigos!,1986.0,nm0000484,104.0,6.5,93651.0
2479,tt0120683,Gloria,1999.0,nm0001486,108.0,5.2,6690.0
2480,tt0119773,Dry Cleaning,1997.0,nm0284774,93.0,6.7,1272.0
2481,tt0151691,My Name Is Joe,1998.0,nm0516360,105.0,7.4,9416.0
2482,tt0149151,Still Crazy,1998.0,nm0001270,95.0,7.0,9401.0
2483,tt0112922,The Day of the Beast,1995.0,nm0407067,99.0,7.3,25147.0
2484,,,,,,,
2485,tt0160862,She's All That,1999.0,nm0410769,95.0,6.0,115098.0
2486,,,,,,,
2487,tt0163984,"Blood, Guts, Bullets and Octane",1998.0,nm0138620,87.0,5.3,1202.0
2488,tt0054167,Peeping Tom,1960.0,nm0003836,101.0,7.6,44447.0
2489,tt0152548,Spanish Fly,1998.0,nm0440988,91.0,4.5,255.0
2490,tt0120784,Payback,1999.0,nm0001338,100.0,7.0,155119.0
2491,tt0145893,Simply Irresistible,1999.0,nm0850516,96.0,5.3,15902.0
2492,tt0138987,20 Dates,1998.0,nm0075483,87.0,5.6,1780.0
2493,tt0128133,The Harmonists,1997.0,nm0005917,115.0,7.2,3748.0
2494,tt0174852,The Last Days,1998.0,nm0002224,87.0,7.9,6630.0
2495,,,,,,,
2496,tt0124298,Blast from the Past,1999.0,nm0933505,112.0,6.7,78547.0
2497,tt0139462,Message in a Bottle,1999.0,nm0001502,126.0,6.3,42828.0
2498,tt0120764,My Favorite Martian,1999.0,nm0677953,94.0,5.1,15270.0
2499,tt0119207,"God Said, 'Ha!'",1998.0,nm0842140,85.0,7.2,1074.0
2500,tt0155776,Jawbreaker,1999.0,nm0825434,86.0,5.8,32818.0
2501,tt0132477,October Sky,1999.0,nm0002653,108.0,7.8,113310.0
2502,tt0151804,Office Space,1999.0,nm0431918,89.0,7.6,312157.0
2503,tt0156901,The Apple,1998.0,nm0538533,86.0,7.2,2944.0
2504,tt0137338,200 Cigarettes,1999.0,nm0305405,101.0,6.0,17319.0
2505,tt0134273,8MM,1999.0,nm0001708,123.0,6.6,152904.0
2506,tt0123209,The Other Sister,1999.0,nm0005190,129.0,6.5,13922.0
2507,tt0120618,Breakfast of Champions,1999.0,nm0748928,110.0,4.6,8829.0
2508,tt0181322,The Breaks,1999.0,nm0583754,86.0,6.1,1523.0
2509,tt0119054,Eight Days a Week,1997.0,nm0205157,92.0,5.9,3708.0
2510,,,,,,,
2511,tt0070334,The Long Goodbye,1973.0,nm0000265,112.0,7.5,45199.0
2512,,,,,,,
2513,tt0098084,Pet Sematary,1989.0,nm0005116,103.0,6.5,125694.0
2514,tt0105128,Pet Sematary II,1992.0,nm0005116,100.0,5.0,25647.0
2515,,,,,,,
2516,,,,,,,
2517,tt0085333,Christine,1983.0,nm0000118,110.0,6.8,104102.0
2518,tt0084412,Night Shift,1982.0,nm0000165,106.0,6.5,20240.0
2519,,,,,,,
2520,tt0065377,Airport,1970.0,"nm0780833,nm0368871",137.0,6.6,25200.0
2521,tt0071110,Airport 1975,1974.0,nm0806915,107.0,5.8,13738.0
2522,tt0075648,Airport '77,1977.0,nm0417054,114.0,5.8,14114.0
2523,tt0076636,Rollercoaster,1977.0,nm0326360,119.0,6.3,7616.0
2524,tt0072308,The Towering Inferno,1974.0,nm0347086,165.0,7.0,53613.0
2525,tt0080354,Alligator,1980.0,nm0853546,91.0,6.1,18798.0
2526,tt0079550,Meteor,1979.0,nm0623768,108.0,5.1,9635.0
2527,tt0070909,Westworld,1973.0,nm0000341,88.0,6.9,68276.0
2528,tt0074812,Logan's Run,1976.0,nm0027183,119.0,6.8,66560.0
2529,tt0063442,Planet of the Apes,1968.0,nm0769874,112.0,8.0,211510.0
2530,tt0065462,Beneath the Planet of the Apes,1970.0,nm0692872,95.0,6.0,57120.0
2531,tt0069768,Battle for the Planet of the Apes,1973.0,nm0496746,93.0,5.4,38301.0
2532,tt0068408,Conquest of the Planet of the Apes,1972.0,nm0496746,88.0,6.1,41001.0
2533,tt0067065,Escape from the Planet of the Apes,1971.0,nm0852279,98.0,6.3,45274.0
2534,tt0077189,Avalanche,1978.0,"nm0001904,nm0853546",91.0,3.8,2849.0
2535,tt0071455,Earthquake,1974.0,nm0733476,122.0,6.0,18591.0
2536,tt0078740,The Concorde... Airport '79,1979.0,nm0723629,113.0,4.5,7710.0
2537,tt0078856,Beyond the Poseidon Adventure,1979.0,nm0000740,114.0,4.7,6645.0
2538,tt0175550,Dancemaker,1998.0,nm0224683,98.0,7.1,155.0
2539,tt0122933,Analyze This,1999.0,nm0000601,103.0,6.7,170767.0
2540,tt0142192,The Corruptor,1999.0,nm0001226,110.0,6.1,20257.0
2541,tt0139134,Cruel Intentions,1999.0,nm0474955,97.0,6.8,222966.0
2542,,,,,,,
2543,tt0127288,Six Ways to Sunday,1997.0,nm0002835,97.0,6.1,1845.0
2544,tt0157208,The School of Flesh,1998.0,nm0415245,101.0,6.5,1645.0
2545,tt0159696,Relax... It's Just Sex,1998.0,nm0144660,110.0,6.7,1666.0
2546,tt0120646,The Deep End of the Ocean,1999.0,nm0343260,106.0,6.3,23674.0
2547,tt0125778,Harvest,1998.0,nm0122028,96.0,4.6,335.0
2548,tt0144814,The Rage: Carrie 2,1999.0,nm0002240,104.0,4.8,19702.0
2549,tt0131646,Wing Commander,1999.0,nm0730932,100.0,4.4,18316.0
2550,tt0057129,The Haunting,1963.0,nm0936404,112.0,7.4,45039.0
2551,tt0094964,Dead Ringers,1988.0,nm0000343,116.0,7.2,59736.0
2552,tt0107626,My Boyfriend's Back,1993.0,nm0000837,85.0,5.5,5639.0
2553,tt0054443,Village of the Damned,1960.0,nm0727211,77.0,7.3,21632.0
2554,,,,,,,
2555,tt0118665,Baby Geniuses,1999.0,nm0163706,97.0,2.6,28552.0
2556,tt0120859,Telling You,1998.0,nm0214584,94.0,4.4,884.0
2557,tt0157016,I Stand Alone,1998.0,nm0637615,93.0,7.2,27998.0
2558,tt0141098,Forces of Nature,1999.0,nm0400486,105.0,5.5,37793.0
2559,tt0160429,The King and I,1999.0,nm0723704,88.0,4.4,4550.0
2560,tt0129332,Ravenous,1999.0,nm0000944,101.0,6.9,47142.0
2561,tt0139668,True Crime,1999.0,nm0000142,127.0,6.6,40432.0
2562,tt0118682,Bandits,1997.0,nm0902290,110.0,6.4,3453.0
2563,,,,,,,
2564,,,,,,,
2565,tt0049408,The King and I,1956.0,nm0485943,133.0,7.4,29859.0
2566,tt0187819,Doug's 1st Movie,1999.0,nm0431570,77.0,4.9,3831.0
2567,tt0131369,Edtv,1999.0,nm0000165,122.0,6.1,47034.0
2568,tt0120757,The Mod Squad,1999.0,nm0798788,92.0,4.4,9923.0
2569,tt0122906,Among Giants,1998.0,nm0589284,93.0,5.9,1028.0
2570,tt0120613,A Walk on the Moon,1999.0,nm0001282,107.0,6.6,9907.0
2571,tt0133093,The Matrix,1999.0,"nm0905154,nm0905152",136.0,8.7,2282875.0
2572,tt0147800,10 Things I Hate About You,1999.0,nm0432627,97.0,7.4,463119.0
2573,tt0120274,Tango,1998.0,nm0767022,115.0,6.9,3284.0
2574,tt0129280,The Out-of-Towners,1999.0,nm0918873,90.0,5.5,16110.0
2575,tt0120449,The Dreamlife of Angels,1998.0,nm0957794,113.0,7.4,8069.0
2576,tt0116932,"Love, etc.",1996.0,nm0894742,105.0,6.2,796.0
2577,tt0119665,Metroland,1997.0,nm0767697,101.0,6.3,3853.0
2578,tt0127302,The Sticky Fingers of Time,1997.0,nm0112668,81.0,6.1,509.0
2579,tt0154506,Following,1998.0,nm0634240,70.0,7.4,114701.0
2580,tt0139239,Go,1999.0,nm0510731,102.0,7.2,81075.0
2581,tt0151738,Never Been Kissed,1999.0,nm0331532,107.0,6.0,104001.0
2582,tt0105399,Twin Dragons,1992.0,"nm0482681,nm0007139",104.0,6.4,14189.0
2583,tt0126250,Cookie's Fortune,1999.0,nm0000265,118.0,6.8,14408.0
2584,tt0166195,Foolish,1999.0,nm0583515,84.0,4.9,7453.0
2585,,,,,,,
2586,,,,,,,
2587,tt0123964,Life,1999.0,nm0001130,108.0,6.8,61846.0
2588,,,,,,,
2589,tt0143261,Friends & Lovers,1999.0,nm0351945,103.0,4.4,1688.0
2590,tt0136244,Hideous Kinky,1998.0,nm0533564,98.0,6.0,7298.0
2591,tt0123923,Jeanne and the Perfect Guy,1998.0,"nm0239725,nm0553303",105.0,6.3,839.0
2592,tt0139394,The Joyriders,1999.0,nm0061376,100.0,5.9,513.0
2593,tt0110570,The Monster,1994.0,nm0000905,112.0,7.3,12661.0
2594,tt0125659,Open Your Eyes,1997.0,nm0024622,119.0,7.7,76581.0
2595,,,,,,,
2596,tt0133189,SLC Punk!,1998.0,nm0580669,97.0,7.3,36418.0
2597,tt0120836,Lost & Found,1999.0,nm0689385,100.0,5.1,7258.0
2598,tt0120797,Pushing Tin,1999.0,nm0001565,124.0,6.0,32045.0
2599,tt0126886,Election,1999.0,nm0668247,103.0,7.2,112371.0
2600,tt0120907,eXistenZ,1999.0,nm0000343,97.0,6.8,114867.0
2601,tt0119546,A Little Bit of Soul,1998.0,nm0242064,84.0,5.4,409.0
2602,,,,,,,
2603,tt0128370,Nô,1998.0,nm0503215,85.0,6.9,456.0
2604,tt0168950,Let It Come Down: The Life of Paul Bowles,1998.0,nm0047028,75.0,6.9,140.0
2605,tt0137494,Entrapment,1999.0,nm0000750,113.0,6.3,130862.0
2606,tt0138510,Idle Hands,1999.0,nm0281869,92.0,6.3,51482.0
2607,tt0162973,Get Real,1998.0,nm0794960,108.0,7.5,14042.0
2608,tt0120697,Heaven,1998.0,nm0721944,103.0,6.5,921.0
2609,,,,,,,
2610,tt0138874,Three Seasons,1999.0,nm0004784,104.0,7.2,3474.0
2611,,,,,,,
2612,tt0037913,Mildred Pierce,1945.0,nm0002031,111.0,7.9,31851.0
2613,tt0087799,Night of the Comet,1984.0,nm0248054,95.0,6.3,27493.0
2614,tt0090837,Chopping Mall,1986.0,nm0691061,77.0,5.6,20642.0
2615,tt0089652,My Science Project,1985.0,nm0079471,94.0,6.0,7264.0
2616,tt0099422,Dick Tracy,1990.0,nm0000886,105.0,6.2,70848.0
2617,tt0120616,The Mummy,1999.0,nm0814085,124.0,7.1,509664.0
2618,tt0118826,The Castle,1997.0,nm0803203,85.0,7.7,19136.0
2619,tt0188052,Mascara,1999.0,nm0437195,94.0,4.5,182.0
2620,tt0120865,This Is My Father,1998.0,nm0703954,119.0,6.9,1914.0
2621,tt0115005,Xiu Xiu: The Sent-Down Girl,1998.0,nm0001040,99.0,7.5,3903.0
2622,tt0140379,A Midsummer Night's Dream,1999.0,nm0001355,116.0,6.4,28673.0
2623,tt0160298,Trippin',1999.0,nm0713527,94.0,5.3,1503.0
2624,tt0165078,After Life,1998.0,nm0466153,119.0,7.6,16043.0
2625,tt0115693,Black Mask,1996.0,nm0496752,99.0,6.0,13089.0
2626,tt0138414,Edge of Seventeen,1998.0,nm0604284,99.0,6.8,7425.0
2627,tt0120659,Endurance,1998.0,"nm0940292,nm0339175",83.0,6.2,469.0
2628,tt0120915,Star Wars: Episode I - The Phantom Menace,1999.0,nm0000184,136.0,6.5,940248.0
2629,tt0166252,The Love Letter,1999.0,nm0151066,88.0,5.5,4844.0
2630,tt0149723,Besieged,1998.0,nm0000934,93.0,6.8,5451.0
2631,tt0120680,Frogs for Snakes,1998.0,nm0688096,108.0,4.5,399.0
2632,tt0059643,The Saragossa Manuscript,1965.0,nm0367860,182.0,7.7,6625.0
2633,tt0023245,The Mummy,1932.0,nm0005713,73.0,6.9,33751.0
2634,tt0053085,The Mummy,1959.0,nm0279807,88.0,6.6,13015.0
2635,tt0037098,The Mummy's Curse,1944.0,nm0329574,60.0,5.4,3864.0
2636,tt0037099,The Mummy's Ghost,1944.0,nm0494110,61.0,5.5,3961.0
2637,tt0032818,The Mummy's Hand,1940.0,nm0127511,67.0,6.0,5516.0
2638,tt0035096,The Mummy's Tomb,1942.0,nm0949597,61.0,5.5,4460.0
2639,tt0082766,Mommie Dearest,1981.0,nm0675068,129.0,6.7,20339.0
2640,tt0078346,Superman,1978.0,nm0001149,143.0,7.4,209201.0
2641,tt0081573,Superman II,1980.0,"nm0504513,nm0001149",127.0,6.8,125040.0
2642,tt0086393,Superman III,1983.0,nm0504513,125.0,5.0,81314.0
2643,tt0094074,Superman IV: The Quest for Peace,1987.0,nm0002089,90.0,3.8,58281.0
2644,tt0021814,Dracula,1931.0,"nm0115218,nm0005713",74.0,7.3,65605.0
2645,,,,,,,
2646,tt0037793,House of Dracula,1945.0,nm0448915,67.0,5.7,6917.0
2647,tt0036931,House of Frankenstein,1944.0,nm0448915,71.0,6.2,8782.0
2648,tt0021884,Frankenstein,1931.0,nm0001843,70.0,7.7,88868.0
2649,tt0031951,Son of Frankenstein,1939.0,nm0498174,99.0,7.1,13608.0
2650,tt0034786,The Ghost of Frankenstein,1942.0,nm0448915,67.0,6.1,8101.0
2651,tt0035899,Frankenstein Meets the Wolf Man,1943.0,nm0624756,74.0,6.4,11158.0
2652,tt0050280,The Curse of Frankenstein,1957.0,nm0279807,83.0,7.0,15153.0
2653,tt0036376,Son of Dracula,1943.0,nm0802563,80.0,6.0,7162.0
2654,tt0034398,The Wolf Man,1941.0,nm0905729,70.0,7.2,34863.0
2655,tt0089308,Howling II: ... Your Sister Is a Werewolf,1985.0,nm0602333,91.0,3.8,9369.0
2656,tt0048696,Tarantula,1955.0,nm0000791,80.0,6.4,12110.0
2657,tt0073629,The Rocky Horror Picture Show,1975.0,nm0788940,100.0,7.4,188511.0
2658,tt0042469,The Flying Saucer,1950.0,nm0175704,69.0,3.5,806.0
2659,tt0084156,It Came from Hollywood,1982.0,"nm0502422,nm0813583",80.0,5.8,1085.0
2660,tt0044121,The Thing from Another World,1951.0,"nm0638528,nm0001328",87.0,7.0,36137.0
2661,tt0045920,It Came from Outer Space,1953.0,nm0000791,81.0,6.5,13065.0
2662,tt0046534,The War of the Worlds,1953.0,nm0005738,87.0,7.0,42299.0
2663,tt0048215,It Came from Beneath the Sea,1955.0,nm0330036,79.0,5.8,7291.0
2664,tt0049366,Invasion of the Body Snatchers,1956.0,nm0796923,80.0,7.7,60652.0
2665,tt0049169,Earth vs. the Flying Saucers,1956.0,nm0780764,83.0,6.3,10377.0
2666,tt0049370,It Conquered the World,1956.0,nm0000339,71.0,5.0,3019.0
2667,tt0049516,The Mole People,1956.0,nm0900972,77.0,5.1,4337.0
2668,tt0084745,Swamp Thing,1982.0,nm0000127,91.0,5.3,19280.0
2669,tt0053183,Pork Chop Hill,1959.0,nm0587277,97.0,7.0,5922.0
2670,tt0052151,Run Silent Run Deep,1958.0,nm0936404,93.0,7.3,14993.0
2671,tt0125439,Notting Hill,1999.0,nm0585011,124.0,7.2,391082.0
2672,tt0139809,The Thirteenth Floor,1999.0,nm0750857,100.0,7.0,84115.0
2673,tt0156794,Eternity and a Day,1998.0,nm0000766,137.0,7.8,16545.0
2674,,,,,,,
2675,tt0138590,Twice Upon a Yesterday,1998.0,nm0728048,91.0,6.1,2945.0
2676,tt0128278,Instinct,1999.0,nm0005509,126.0,6.6,35729.0
2677,tt0186508,Buena Vista Social Club,1999.0,nm0000694,105.0,7.6,21172.0
2678,,,,,,,
2679,,,,,,,
2680,tt0139216,Floating,1997.0,nm0745049,90.0,6.4,834.0
2681,tt0141105,Free Enterprise,1998.0,nm0122428,113.0,6.7,3467.0
2682,tt0164085,Limbo,1999.0,nm0000626,126.0,6.9,6722.0
2683,tt0145660,Austin Powers: The Spy Who Shagged Me,1999.0,nm0005366,95.0,6.7,265096.0
2684,,,,,,,
2685,tt0156820,The Red Dwarf,1998.0,nm0494467,101.0,5.9,260.0
2686,tt0120802,The Red Violin,1998.0,nm0320660,130.0,7.6,35972.0
2687,tt0120855,Tarzan,1999.0,"nm0118333,nm0510674",88.0,7.3,272620.0
2688,tt0144214,The General's Daughter,1999.0,nm0922346,116.0,6.4,69271.0
2689,tt0184510,Get Bruce,1999.0,nm0473870,82.0,6.2,731.0
2690,tt0122541,An Ideal Husband,1999.0,nm0662529,97.0,6.8,17836.0
2691,tt0120731,The Legend of 1900,1998.0,nm0868153,169.0,8.0,74371.0
2692,tt0130827,Run Lola Run,1998.0,nm0878756,80.0,7.6,218550.0
2693,tt0120370,Trekkies,1997.0,nm0638630,86.0,6.9,5144.0
2694,tt0142342,Big Daddy,1999.0,nm0240797,93.0,6.5,254555.0
2695,,,,,,,
2696,tt0119038,The Dinner Game,1998.0,nm0891554,80.0,7.6,46969.0
2697,,,,,,,
2698,,,,,,,
2699,tt0099052,Arachnophobia,1990.0,nm0550881,109.0,6.5,81598.0
2700,,,,,,,
2701,tt0120891,Wild Wild West,1999.0,nm0001756,106.0,5.0,174864.0
2702,tt0162677,Summer of Sam,1999.0,nm0000490,142.0,6.7,44579.0
2703,tt0149964,Broken Vessels,1998.0,nm0956169,90.0,6.4,764.0
2704,tt0101318,The Lovers on the Bridge,1991.0,nm0136021,125.0,7.6,17668.0
2705,tt0167925,"Late August, Early September",1998.0,nm0000801,112.0,6.8,2096.0
2706,tt0163651,American Pie,1999.0,nm0919369,95.0,7.0,473596.0
2707,tt0137363,Arlington Road,1999.0,nm0671210,117.0,7.2,100655.0
2708,,,,,,,
2709,tt0158811,Muppets from Space,1999.0,nm0384722,87.0,6.3,22147.0
2710,tt0185937,The Blair Witch Project,1999.0,"nm0617130,nm0844896",81.0,6.5,323411.0
2711,tt0120899,My Life So Far,1999.0,nm0399853,98.0,6.5,3229.0
2712,tt0120663,Eyes Wide Shut,1999.0,nm0000040,159.0,7.5,440220.0
2713,tt0139414,Lake Placid,1999.0,nm0591171,82.0,5.8,70453.0
2714,tt0161100,The Wood,1999.0,nm0266622,106.0,7.0,11329.0
2715,tt0120878,The Velocity of Gary,1998.0,nm0006959,100.0,4.8,1929.0
2716,tt0087332,Ghostbusters,1984.0,nm0718645,105.0,7.8,491410.0
2717,tt0097428,Ghostbusters II,1989.0,nm0718645,108.0,6.6,241994.0
2718,tt0157503,Drop Dead Gorgeous,1999.0,nm0417794,97.0,6.7,45808.0
2719,tt0171363,The Haunting,1999.0,nm0000957,113.0,5.1,85447.0
2720,tt0141369,Inspector Gadget,1999.0,nm0446109,78.0,4.2,54411.0
2721,tt0162710,Trick,1999.0,nm0266302,89.0,7.2,10047.0
2722,tt0149261,Deep Blue Sea,1999.0,nm0001317,105.0,6.0,153341.0
2723,tt0132347,Mystery Men,1999.0,nm0882330,121.0,6.1,74568.0
2724,tt0163187,Runaway Bride,1999.0,nm0005190,116.0,5.6,111961.0
2725,tt0162830,Twin Falls Idaho,1999.0,nm0689187,111.0,7.1,4118.0
2726,tt0049406,The Killing,1956.0,nm0000040,84.0,7.9,107512.0
2727,tt0048254,Killer's Kiss,1955.0,nm0000040,67.0,6.5,28688.0
2728,tt0054331,Spartacus,1960.0,nm0000040,184.0,7.9,152565.0
2729,tt0056193,Lolita,1962.0,nm0000040,153.0,7.5,117390.0
2730,tt0072684,Barry Lyndon,1975.0,nm0000040,185.0,8.1,208819.0
2731,tt0053198,The 400 Blows,1959.0,nm0000076,99.0,8.0,135667.0
2732,,,,,,,
2733,tt0096378,Vibes,1988.0,nm0477129,99.0,5.7,5773.0
2734,tt0091557,The Mosquito Coast,1986.0,nm0001837,117.0,6.6,34063.0
2735,tt0091129,The Golden Child,1986.0,nm0006916,94.0,6.0,64158.0
2736,tt0090774,Brighton Beach Memoirs,1986.0,nm0757256,108.0,6.8,4194.0
2737,tt0092585,Assassination,1987.0,nm0402597,88.0,5.2,4301.0
2738,tt0090886,Crimes of the Heart,1986.0,nm0000915,105.0,6.3,5065.0
2739,tt0088939,The Color Purple,1985.0,nm0000229,154.0,7.7,105515.0
2740,,,,,,,
2741,tt0091637,No Mercy,1986.0,nm0669004,106.0,5.7,9463.0
2742,tt0092068,Ménage,1986.0,nm0088397,84.0,6.8,4039.0
2743,tt0091613,Native Son,1986.0,nm0293197,111.0,6.0,669.0
2744,tt0091699,Otello,1986.0,nm0001874,118.0,6.9,670.0
2745,tt0091530,The Mission,1986.0,nm0423646,125.0,7.4,70532.0
2746,tt0091419,Little Shop of Horrors,1986.0,nm0000568,94.0,7.1,96118.0
2747,tt0054033,The Little Shop of Horrors,1960.0,nm0000339,73.0,6.2,21546.0
2748,,,,,,,
2749,tt0091554,The Morning After,1986.0,nm0001486,103.0,5.9,8013.0
2750,tt0093818,Radio Days,1987.0,nm0000095,88.0,7.4,39181.0
2751,tt0093051,From the Hip,1987.0,nm0163706,111.0,6.1,2818.0
2752,tt0093690,Outrageous Fortune,1987.0,nm0002137,99.0,6.2,9403.0
2753,tt0092627,The Bedroom Window,1987.0,nm0000436,112.0,6.4,7950.0
2754,,,,,,,
2755,tt0093415,Light of Day,1987.0,nm0001707,107.0,5.6,3622.0
2756,,,,,,,
2757,tt0083967,Frances,1982.0,nm0166625,140.0,7.2,9498.0
2758,tt0089816,Plenty,1985.0,nm0770961,124.0,6.0,3607.0
2759,tt0144168,Dick,1999.0,nm0281598,94.0,6.2,22930.0
2760,tt0129111,The Gambler,1997.0,nm0538652,97.0,6.3,477.0
2761,tt0129167,The Iron Giant,1999.0,nm0083348,86.0,8.1,266197.0
2762,tt0167404,The Sixth Sense,1999.0,nm0796117,107.0,8.2,1166859.0
2763,tt0155267,The Thomas Crown Affair,1999.0,nm0001532,113.0,6.9,111236.0
2764,tt0063688,The Thomas Crown Affair,1968.0,nm0422484,102.0,6.9,32844.0
2765,tt0122515,The Acid House,1998.0,nm0006476,111.0,6.2,8419.0
2766,tt0168449,The Adventures of Sebastian Cole,1998.0,nm0931095,99.0,6.6,2029.0
2767,tt0120709,Illuminata,1998.0,nm0001806,119.0,6.0,1819.0
2768,,,,,,,
2769,,,,,,,
2770,tt0131325,Bowfinger,1999.0,nm0000568,97.0,6.5,78372.0
2771,tt0120620,Brokedown Palace,1999.0,nm0438279,100.0,6.4,25337.0
2772,tt0165710,Detroit Rock City,1999.0,nm0726472,95.0,6.8,42030.0
2773,tt0176422,Alice and Martin,1998.0,nm0029242,124.0,6.2,1989.0
2774,tt0168987,Better Than Chocolate,1999.0,nm0923768,101.0,6.1,9106.0
2775,tt0138487,Head On,1998.0,nm0463727,104.0,6.5,4794.0
2776,,,,,,,
2777,tt0015693,Cobra,1925.0,nm0376221,70.0,6.4,815.0
2778,tt0113965,Never Talk to Strangers,1995.0,nm0355991,86.0,5.3,7951.0
2779,tt0077663,Heaven Can Wait,1978.0,"nm0000886,nm0377750",101.0,6.9,26025.0
2780,tt0057449,The Raven,1963.0,nm0000339,86.0,6.5,15448.0
2781,tt0053363,The Tingler,1959.0,nm0145336,82.0,6.6,10746.0
2782,,,,,,,
2783,,,,,,,
2784,tt0058333,The Masque of the Red Death,1964.0,nm0000339,89.0,6.9,18655.0
2785,tt0056552,Tales of Terror,1962.0,nm0000339,89.0,6.8,9556.0
2786,tt0091178,Haunted Honeymoon,1986.0,nm0000698,82.0,5.7,8900.0
2787,tt0088889,Cat's Eye,1985.0,nm0853546,94.0,6.3,31009.0
2788,,,,,,,
2789,tt0077394,Damien: Omen II,1978.0,"nm0852279,nm0388198",107.0,6.2,40586.0
2790,tt0082377,The Final Conflict,1981.0,nm0048491,108.0,5.5,26126.0
2791,tt0080339,Airplane!,1980.0,"nm0000720,nm0001878,nm0958387",88.0,7.7,293182.0
2792,tt0083530,Airplane II: The Sequel,1982.0,nm0277946,85.0,6.2,61604.0
2793,tt0118604,An American Werewolf in Paris,1997.0,nm0909026,98.0,5.1,29331.0
2794,,,,,,,
2795,,,,,,,
2796,tt0095188,Funny Farm,1988.0,nm0001351,101.0,6.2,25813.0
2797,tt0094737,Big,1988.0,nm0001508,104.0,7.3,263963.0
2798,tt0100419,Problem Child,1990.0,nm0240797,81.0,5.5,35978.0
2799,tt0102719,Problem Child 2,1991.0,nm0505152,90.0,5.0,25450.0
2800,,,,,,,
2801,tt0119843,Oscar and Lucinda,1997.0,nm0000788,132.0,6.5,7468.0
2802,tt0096244,Tequila Sunrise,1988.0,nm0001801,115.0,6.1,36729.0
2803,tt0107798,The Pelican Brief,1993.0,nm0001587,141.0,6.7,105607.0
2804,tt0085334,A Christmas Story,1983.0,nm0163706,93.0,7.9,180359.0
2805,tt0130121,Mickey Blue Eyes,1999.0,"nm0538614,nm0331956",102.0,5.9,39801.0
2806,tt0133046,Teaching Mrs. Tingle,1999.0,nm0932078,96.0,5.4,22790.0
2807,tt0176269,Universal Soldier: The Return,1999.0,nm0734747,83.0,4.2,32341.0
2808,tt0105698,Universal Soldier,1992.0,nm0000386,102.0,6.1,102826.0
2809,tt0188863,Love Stinks,1999.0,nm0291449,94.0,5.7,5808.0
2810,tt0156887,Perfect Blue,1997.0,nm0464804,82.0,8.0,127652.0
2811,tt0119692,With Friends Like These,1998.0,nm0582186,105.0,5.9,633.0
2812,tt0160401,In Too Deep,1999.0,nm0753382,95.0,6.2,7634.0
2813,tt0181833,The Source,1999.0,nm0941457,88.0,7.2,888.0
2814,tt0052602,The Bat,1959.0,nm0928108,80.0,6.1,7219.0
2815,tt0091278,Iron Eagle,1986.0,nm0002089,117.0,5.6,17319.0
2816,tt0095382,Iron Eagle II,1988.0,nm0002089,105.0,3.9,5771.0
2817,tt0103617,Aces: Iron Eagle III,1992.0,nm0322515,98.0,3.8,3360.0
2818,,,,,,,
2819,tt0073802,Three Days of the Condor,1975.0,nm0001628,117.0,7.4,70221.0
2820,tt0058126,Hamlet,1964.0,nm0468882,140.0,8.2,3270.0
2821,tt0010418,Male and Female,1919.0,nm0001124,116.0,7.0,2088.0
2822,tt0104839,Medicine Man,1992.0,nm0001532,106.0,6.0,26466.0
2823,,,,,,,
2824,tt0181733,On the Ropes,1999.0,"nm0123379,nm0605137",94.0,7.3,484.0
2825,tt0163185,Rosie,1998.0,nm0870299,97.0,7.4,593.0
2826,tt0120657,The 13th Warrior,1999.0,nm0001532,102.0,6.6,140621.0
2827,tt0138304,The Astronaut's Wife,1999.0,nm0712444,109.0,5.4,59406.0
2828,tt0160236,Dudley Do-Right,1999.0,nm0933505,77.0,4.0,11973.0
2829,tt0164108,The Muse,1999.0,nm0000983,97.0,5.8,11882.0
2830,tt0169145,Cabaret Balkan,1998.0,nm0664607,102.0,7.7,6097.0
2831,tt0160216,A Dog of Flanders,1999.0,nm0110903,100.0,6.2,1056.0
2832,tt0144286,The Lost Son,1999.0,nm0579580,102.0,6.5,2236.0
2833,tt0119586,Lucie Aubrac,1997.0,nm0001945,115.0,6.6,1593.0
2834,tt0120747,The Very Thought of You,1998.0,nm0358327,88.0,6.4,4855.0
2835,tt0163579,Chill Factor,1999.0,nm0425244,102.0,5.3,10423.0
2836,tt0125971,Outside Providence,1999.0,nm0180912,96.0,6.4,9897.0
2837,,,,,,,
2838,tt0125211,I Woke Up Early the Day I Died,1998.0,nm0407737,90.0,5.5,885.0
2839,tt0157183,West Beirut,1998.0,nm0234780,105.0,7.6,5349.0
2840,tt0145531,Stigmata,1999.0,nm0906548,103.0,6.2,78125.0
2841,tt0164181,Stir of Echoes,1999.0,nm0462895,99.0,6.9,93813.0
2842,tt0133412,Best Laid Plans,1999.0,nm0054954,92.0,6.1,8585.0
2843,tt0118843,"Black Cat, White Cat",1998.0,nm0001437,127.0,8.0,59313.0
2844,tt0151582,The Minus Man,1999.0,nm0266684,111.0,6.0,7914.0
2845,,,,,,,
2846,tt0097050,The Adventures of Milo and Otis,1986.0,nm0368675,76.0,6.8,13633.0
2847,tt0031762,Only Angels Have Wings,1939.0,nm0001328,121.0,7.6,17709.0
2848,,,,,,,
2849,tt0102741,Queens Logic,1991.0,nm0711114,100.0,5.7,2013.0
2850,tt0107895,Public Access,1993.0,nm0001741,90.0,5.3,1031.0
2851,,,,,,,
2852,tt0088146,A Soldier's Story,1984.0,nm0422484,101.0,7.2,12803.0
2853,,,,,,,
2854,tt0069994,Don't Look in the Basement,1973.0,nm0115259,89.0,4.9,3820.0
2855,tt0086014,Nightmares,1983.0,nm0765121,99.0,5.7,4166.0
2856,tt0059297,I Saw What You Did,1965.0,nm0145336,82.0,6.2,3806.0
2857,tt0063823,Yellow Submarine,1968.0,nm0242945,85.0,7.4,30185.0
2858,tt0169547,American Beauty,1999.0,nm0005222,122.0,8.3,1289639.0
2859,tt0088178,Stop Making Sense,1984.0,nm0001129,88.0,8.7,24595.0
2860,tt0181316,Blue Streak,1999.0,nm0562645,93.0,6.4,94075.0
2861,tt0126916,For Love of the Game,1999.0,nm0000600,137.0,6.6,40751.0
2862,,,,,,,
2863,tt0058182,A Hard Day's Night,1964.0,nm0504513,87.0,7.5,50437.0
2864,tt0127296,Splendor,1999.0,nm0000777,93.0,6.1,3960.0
2865,tt0173390,Sugar Town,1999.0,"nm0025978,nm0903717",92.0,6.1,955.0
2866,tt0077280,The Buddy Holly Story,1978.0,nm0711114,114.0,7.2,11030.0
2867,tt0089175,Fright Night,1985.0,nm0276169,106.0,7.1,89374.0
2868,,,,,,,
2869,tt0111342,The Separation,1994.0,nm0898603,88.0,6.9,1212.0
2870,tt0061385,Barefoot in the Park,1967.0,nm0757256,106.0,7.0,23156.0
2871,tt0068473,Deliverance,1972.0,nm0000958,109.0,7.6,130328.0
2872,tt0082348,Excalibur,1981.0,nm0000958,140.0,7.3,74971.0
2873,tt0125879,Lulu on the Bridge,1998.0,nm0000808,103.0,6.2,4473.0
2874,tt0050814,The Pajama Game,1957.0,"nm0007973,nm0002045",101.0,6.6,4592.0
2875,tt0108185,Sommersby,1993.0,nm0000750,114.0,6.3,23840.0
2876,tt0111419,Thumbelina,1994.0,"nm0089940,nm0325776",86.0,6.3,20499.0
2877,tt0073812,Tommy,1975.0,nm0001692,111.0,6.6,24763.0
2878,tt0082511,Hell Night,1981.0,nm0221265,101.0,5.6,10012.0
2879,,,,,,,
2880,,,,,,,
2881,tt0150377,Double Jeopardy,1999.0,nm0000915,105.0,6.6,107116.0
2882,tt0120716,Jakob the Liar,1999.0,nm0440914,120.0,6.5,17559.0
2883,tt0140397,Mumford,1999.0,nm0001410,112.0,6.8,9838.0
2884,tt0129884,Dog Park,1998.0,nm0567126,91.0,5.2,2326.0
2885,tt0160338,Guinevere,1999.0,nm0920108,104.0,5.9,2843.0
2886,tt0159421,The Adventures of Elmo in Grouchland,1999.0,nm0357143,73.0,5.9,4056.0
2887,tt0168172,Simon Sez,1999.0,nm0253106,85.0,2.7,7296.0
2888,tt0164114,Drive Me Crazy,1999.0,nm0776271,91.0,5.8,23344.0
2889,tt0134618,"Mystery, Alaska",1999.0,nm0005366,119.0,6.7,29971.0
2890,tt0120188,Three Kings,1999.0,nm0751102,114.0,7.1,187465.0
2891,tt0162360,"Happy, Texas",1999.0,nm0407842,98.0,6.3,10713.0
2892,tt0133122,New Rose Hotel,1998.0,nm0001206,93.0,5.2,7317.0
2893,tt0134033,Plunkett & Macleane,1999.0,nm0779265,99.0,6.3,10863.0
2894,tt0194314,Romance,1999.0,nm0106924,84.0,5.2,13500.0
2895,tt0068990,Napoleon and Samantha,1972.0,nm0568535,92.0,6.1,1212.0
2896,tt0060095,Alvarez Kelly,1966.0,nm0229424,116.0,6.3,3023.0
2897,,,,,,,
2898,tt0106664,The Dark Half,1993.0,nm0001681,122.0,6.0,22540.0
2899,tt0031397,Gulliver's Travels,1939.0,"nm0281487,nm0101466,nm0130725,nm0186276,nm0377431,nm0396043,nm0426322,nm0446041,nm0460667,nm0498984,nm0622451,nm0658476",76.0,6.6,5498.0
2900,tt0095652,Monkey Shines,1988.0,nm0001681,113.0,6.2,14926.0
2901,tt0079714,Phantasm,1979.0,nm0181741,89.0,6.6,45638.0
2902,tt0086154,Psycho II,1983.0,nm0002207,113.0,6.6,35806.0
2903,tt0091799,Psycho III,1986.0,nm0000578,93.0,5.5,18760.0
2904,tt0023369,Rain,1932.0,nm0587277,94.0,6.9,3557.0
2905,tt0056443,Sanjuro,1962.0,nm0000041,96.0,8.0,43866.0
2906,tt0156934,Random Hearts,1999.0,nm0001628,133.0,5.4,25545.0
2907,tt0167427,Superstar,1999.0,nm0567126,81.0,5.3,21752.0
2908,tt0171804,Boys Don't Cry,1999.0,nm0005303,118.0,7.5,108348.0
2909,tt0150574,"Five Wives, Three Secretaries and Me",1998.0,nm0086745,82.0,7.2,62.0
2910,,,,,,,
2911,tt0176415,The Grandfather,1998.0,nm0305054,151.0,7.3,2211.0
2912,tt0165854,The Limey,1999.0,nm0001752,89.0,6.9,38603.0
2913,,,,,,,
2914,tt0143746,Molly,1999.0,nm0241090,102.0,5.7,3358.0
2915,tt0086200,Risky Business,1983.0,nm0001887,99.0,6.8,109997.0
2916,tt0100802,Total Recall,1990.0,nm0000682,113.0,7.5,385398.0
2917,tt0082089,Body Heat,1981.0,nm0001410,113.0,7.4,44914.0
2918,tt0091042,Ferris Bueller's Day Off,1986.0,nm0000455,103.0,7.8,421221.0
2919,,,,,,,
2920,tt0037674,Children of Paradise,1945.0,nm0138893,189.0,8.3,22790.0
2921,,,,,,,
2922,,,,,,,
2923,,,,,,,
2924,,,,,,,
2925,tt0065571,The Conformist,1970.0,nm0000934,113.0,7.9,39810.0
2926,tt0095270,Hairspray,1988.0,nm0000691,92.0,7.0,25816.0
2927,,,,,,,
2928,tt0087980,The Razor's Edge,1984.0,nm0126440,128.0,6.4,6384.0
2929,tt0082979,Reds,1981.0,nm0000886,195.0,7.3,27089.0
2930,tt0176093,Return with Honor,1998.0,"nm0595131,nm0761739",101.0,8.2,269.0
2931,,,,,,,
2932,tt0077405,Days of Heaven,1978.0,nm0000517,94.0,7.7,70125.0
2933,tt0057058,The Fire Within,1963.0,nm0001501,108.0,7.8,11829.0
2934,,,,,,,
2935,tt0033804,The Lady Eve,1941.0,nm0002545,94.0,7.7,25801.0
2936,,,,,,,
2937,tt0035169,The Palm Beach Story,1942.0,nm0002545,88.0,7.4,13958.0
2938,tt0091214,Man Facing Southeast,1986.0,nm0836949,105.0,7.6,5067.0
2939,tt0046126,Niagara,1953.0,nm0368871,92.0,7.0,22876.0
2940,tt0038559,Gilda,1946.0,nm0896533,110.0,7.6,37879.0
2941,tt0052225,South Pacific,1958.0,nm0517597,157.0,6.8,11186.0
2942,tt0085549,Flashdance,1983.0,nm0001490,95.0,6.2,65263.0
2943,tt0104507,Indochine,1992.0,nm0912224,160.0,7.0,11870.0
2944,tt0061578,The Dirty Dozen,1967.0,nm0000736,150.0,7.7,84919.0
2945,tt0087722,Mike's Murder,1984.0,nm0108745,109.0,5.7,1441.0
2946,tt0059260,Help!,1965.0,nm0504513,92.0,7.1,21460.0
2947,tt0058150,Goldfinger,1964.0,nm0357891,110.0,7.7,220105.0
2948,tt0057076,From Russia with Love,1963.0,nm0950109,115.0,7.3,160915.0
2949,tt0055928,Dr. No,1962.0,nm0950109,110.0,7.2,198141.0
2950,tt0080453,The Blue Lagoon,1980.0,nm0459170,104.0,5.8,84329.0
2951,tt0058461,A Fistful of Dollars,1964.0,nm0001466,99.0,7.9,257231.0
2952,,,,,,,
2953,tt0104431,Home Alone 2: Lost in New York,1992.0,nm0001060,120.0,6.9,463196.0
2954,tt0079709,Penitentiary,1979.0,nm0266668,99.0,5.7,1416.0
2955,tt0084485,Penitentiary II,1982.0,nm0266668,108.0,4.5,890.0
2956,tt0094008,Someone to Watch Over Me,1987.0,nm0000631,106.0,6.1,13504.0
2957,tt0017423,Sparrows,1926.0,"nm0064415,nm0573743",109.0,7.3,1693.0
2958,tt0133117,Naturally Native,1998.0,"nm0267759,nm0714615",107.0,6.4,177.0
2959,tt0137523,Fight Club,1999.0,nm0000399,139.0,8.8,2667801.0
2960,,,,,,,
2961,tt0160916,The Story of Us,1999.0,nm0001661,95.0,6.0,25283.0
2962,tt0119114,Fever Pitch,1997.0,nm0262678,102.0,6.6,12710.0
2963,tt0160672,Joe the King,1999.0,nm0001844,93.0,6.7,3192.0
2964,tt0192194,Julien Donkey-Boy,1999.0,nm0005101,94.0,6.7,8329.0
2965,tt0203408,The Omega Code,1999.0,nm0545099,100.0,3.6,5645.0
2966,tt0166896,The Straight Story,1999.0,nm0000186,112.0,8.0,110059.0
2967,tt0048977,The Bad Seed,1956.0,nm0503777,129.0,7.4,17996.0
2968,tt0081633,Time Bandits,1981.0,nm0000416,110.0,6.9,75054.0
2969,tt0061138,A Man and a Woman,1966.0,nm0500988,102.0,7.5,13910.0
2970,tt0083946,Fitzcarraldo,1982.0,nm0001348,158.0,7.9,43806.0
2971,tt0078754,All That Jazz,1979.0,nm0002080,123.0,7.8,41462.0
2972,,,,,,,
2973,tt0097123,Crimes and Misdemeanors,1989.0,nm0000095,104.0,7.8,63854.0
2974,tt0200469,Bats,1999.0,nm0007128,91.0,4.1,12248.0
2975,tt0168501,The Best Man,1999.0,nm0002700,120.0,6.8,12946.0
2976,tt0163988,Bringing Out the Dead,1999.0,nm0000217,121.0,6.8,82132.0
2977,tt0142201,Crazy in Alabama,1999.0,nm0000104,111.0,6.3,7826.0
2978,tt0144640,Three to Tango,1999.0,nm0764319,98.0,6.1,20978.0
2979,tt0172627,Body Shots,1999.0,nm0188165,106.0,4.9,5805.0
2980,,,,,,,
2981,tt0072742,Brother Can You Spare a Dime,1975.0,nm0602333,103.0,7.0,439.0
2982,tt0099710,The Guardian,1990.0,nm0001243,92.0,5.4,7269.0
2983,tt0059319,The Ipcress File,1965.0,nm0002089,109.0,7.1,19854.0
2984,tt0067527,On Any Sunday,1971.0,nm0113164,96.0,7.7,1747.0
2985,tt0093870,RoboCop,1987.0,nm0000682,102.0,7.6,313076.0
2986,tt0100502,RoboCop 2,1990.0,nm0449984,117.0,5.9,101217.0
2987,tt0096438,Who Framed Roger Rabbit,1988.0,nm0000709,104.0,7.7,235723.0
2988,tt0081150,Melvin and Howard,1980.0,nm0001129,95.0,6.8,5829.0
2989,tt0082398,For Your Eyes Only,1981.0,nm0322515,127.0,6.7,117757.0
2990,tt0097742,Licence to Kill,1989.0,nm0322515,133.0,6.7,121953.0
2991,tt0070328,Live and Let Die,1973.0,nm0357891,121.0,6.7,126147.0
2992,tt0091829,Rawhead Rex,1986.0,nm0667767,89.0,5.2,7640.0
2993,tt0059800,Thunderball,1965.0,nm0950109,130.0,6.9,139455.0
2994,,,,,,,
2995,,,,,,,
2996,tt0166943,Music of the Heart,1999.0,nm0000127,124.0,6.7,14003.0
2997,tt0120601,Being John Malkovich,1999.0,nm0005069,113.0,7.7,371686.0
2998,,,,,,,
2999,tt0138537,Man of the Century,1999.0,nm0008917,77.0,7.0,1289.0
3000,,,,,,,
3001,tt0157075,The Suburbans,1999.0,nm0911505,81.0,4.3,2605.0
3002,tt0200849,My Best Fiend,1999.0,nm0001348,95.0,7.8,13350.0
3003,tt0170705,Train of Life,1998.0,nm0586123,103.0,7.6,9986.0
3004,tt0120596,The Bachelor,1999.0,nm0802551,101.0,5.1,18287.0
3005,tt0145681,The Bone Collector,1999.0,nm0637518,118.0,6.7,203007.0
3006,tt0140352,The Insider,1999.0,nm0000520,157.0,7.8,193625.0
3007,tt0181288,American Movie,1999.0,nm0807687,107.0,7.8,21321.0
3008,tt0156729,Last Night,1998.0,nm0001528,95.0,7.1,10609.0
3009,,,,,,,
3010,tt0200071,Rosetta,1999.0,"nm0201094,nm0201095",95.0,7.4,17412.0
3011,tt0065088,"They Shoot Horses, Don't They?",1969.0,nm0001628,129.0,7.8,22074.0
3012,tt0016630,Battling Butler,1926.0,nm0000036,77.0,7.0,4566.0
3013,tt0099180,Bride of Re-Animator,1990.0,nm0951206,96.0,6.2,19368.0
3014,tt0082121,Bustin' Loose,1981.0,"nm0779641,nm0776317",94.0,6.1,4135.0
3015,tt0077355,Coma,1978.0,nm0000341,113.0,6.9,23220.0
3016,tt0083767,Creepshow,1982.0,nm0001681,120.0,6.8,58421.0
3017,tt0092796,Creepshow 2,1987.0,nm0331193,92.0,6.1,31265.0
3018,tt0089885,Re-Animator,1985.0,nm0002340,84.0,7.1,79723.0
3019,tt0097240,Drugstore Cowboy,1989.0,nm0001814,102.0,7.2,43513.0
3020,tt0106856,Falling Down,1993.0,nm0001708,113.0,7.5,229657.0
3021,tt0082427,The Funhouse,1981.0,nm0001361,96.0,5.9,18695.0
3022,,,,,,,
3023,tt0018183,My Best Girl,1927.0,nm0853130,80.0,7.4,1032.0
3024,tt0078087,Piranha,1978.0,nm0001102,94.0,5.9,28576.0
3025,tt0062218,Rough Night in Jericho,1967.0,nm0491852,104.0,6.4,1799.0
3026,tt0093990,Slaughterhouse,1987.0,nm0736476,85.0,5.3,3504.0
3027,,,,,,,
3028,tt0061407,The Taming of the Shrew,1967.0,nm0001874,122.0,7.0,9661.0
3029,tt0082817,Nighthawks,1981.0,nm0540330,99.0,6.3,23939.0
3030,tt0055630,Yojimbo,1961.0,nm0000041,110.0,8.2,144959.0
3031,tt0100475,Repossessed,1990.0,nm0517514,84.0,4.8,11064.0
3032,tt0067525,The Omega Man,1971.0,nm0755963,98.0,6.4,36523.0
3033,tt0094012,Spaceballs,1987.0,nm0000316,96.0,7.1,229145.0
3034,tt0070608,Robin Hood,1973.0,"nm0718627,nm0359457",83.0,7.5,152171.0
3035,tt0048380,Mister Roberts,1955.0,"nm0000406,nm0503777,nm0517597",123.0,7.6,19868.0
3036,tt0082484,Quest for Fire,1981.0,nm0000269,100.0,7.3,26811.0
3037,tt0065988,Little Big Man,1970.0,nm0671957,139.0,7.5,40828.0
3038,tt0050371,A Face in the Crowd,1957.0,nm0001415,126.0,8.1,19604.0
3039,tt0086465,Trading Places,1983.0,nm0000484,116.0,7.5,184873.0
3040,tt0079540,Meatballs,1979.0,nm0718645,94.0,6.2,26505.0
3041,tt0087700,Meatballs Part II,1984.0,nm0927296,87.0,3.9,3211.0
3042,,,,,,,
3043,,,,,,,
3044,tt0101669,Dead Again,1991.0,nm0000110,107.0,6.8,33175.0
3045,tt0105130,Peter's Friends,1992.0,nm0000110,101.0,7.0,13245.0
3046,tt0113416,The Incredibly True Adventure of Two Girls in Love,1995.0,nm0535940,94.0,6.7,5824.0
3047,tt0083911,Experience Preferred... But Not Essential,1982.0,nm0240439,80.0,6.8,353.0
3048,tt0083254,Under the Rainbow,1981.0,nm0711114,98.0,5.3,3347.0
3049,tt0061789,How I Won the War,1967.0,nm0504513,109.0,5.5,2700.0
3050,tt0172726,Light It Up,1999.0,nm0093271,99.0,6.0,4047.0
3051,tt0149691,Anywhere But Here,1999.0,nm0911061,114.0,6.2,19619.0
3052,tt0120655,Dogma,1999.0,nm0003620,130.0,7.3,243153.0
3053,tt0151137,The Messenger: The Story of Joan of Arc,1999.0,nm0000108,148.0,6.4,73773.0
3054,,,,,,,
3055,tt0165773,Felicia's Journey,1999.0,nm0000382,116.0,7.0,8828.0
3056,tt0160620,Oxygen,1999.0,nm0791672,92.0,6.0,5095.0
3057,,,,,,,
3058,tt0032215,The Ape,1940.0,nm0631438,62.0,4.7,2320.0
3059,,,,,,,
3060,tt0101605,The Commitments,1991.0,nm0000570,118.0,7.6,43868.0
3061,tt0034862,Holiday Inn,1942.0,"nm0762263,nm0020980",100.0,7.3,19641.0
3062,tt0056197,The Longest Day,1962.0,"nm0652631,nm0953123",179.0,7.7,63733.0
3063,tt0105156,Poison Ivy,1992.0,nm0002240,93.0,5.4,21804.0
3064,,,,,,,
3065,,,,,,,
3066,tt0066473,Tora! Tora! Tora!,1970.0,"nm0281507,nm0297935,nm0557927,nm0000041",144.0,7.5,40264.0
3067,tt0095675,Women on the Verge of a Nervous Breakdown,1988.0,nm0000264,88.0,7.5,51408.0
3068,tt0084855,The Verdict,1982.0,nm0001486,129.0,7.7,51471.0
3069,tt0068528,The Effect of Gamma Rays on Man-in-the-Moon Marigolds,1972.0,nm0000056,100.0,7.4,2956.0
3070,,,,,,,
3071,,,,,,,
3072,tt0093565,Moonstruck,1987.0,nm0422484,102.0,7.2,79670.0
3073,tt0059674,The Sandpiper,1965.0,nm0591486,117.0,6.3,4269.0
3074,tt0068762,Jeremiah Johnson,1972.0,nm0001628,108.0,7.6,40290.0
3075,tt0059646,Repulsion,1965.0,nm0000591,105.0,7.5,61912.0
3076,tt0057187,Irma la Douce,1963.0,nm0000697,147.0,7.3,24589.0
3077,,,,,,,
3078,tt0165859,Liberty Heights,1999.0,nm0001469,127.0,7.0,7367.0
3079,tt0178737,Mansfield Park,1999.0,nm0005390,112.0,7.0,28261.0
3080,tt0179196,"Goodbye, 20th Century",1998.0,"nm0593986,nm0691497",83.0,6.6,848.0
3081,tt0162661,Sleepy Hollow,1999.0,nm0000318,105.0,7.3,417119.0
3082,tt0143145,The World Is Not Enough,1999.0,nm0000776,128.0,6.4,222452.0
3083,tt0185125,All About My Mother,1999.0,nm0000264,101.0,7.8,110812.0
3084,,,,,,,
3085,tt0084357,The Living Dead Girl,1982.0,nm0210811,90.0,5.8,3074.0
3086,tt0024852,March of the Wooden Soldiers,1934.0,"nm0576940,nm0736778",77.0,7.1,8339.0
3087,tt0096061,Scrooged,1988.0,nm0001149,101.0,6.9,129814.0
3088,tt0042546,Harvey,1950.0,nm0467396,104.0,7.9,61446.0
3089,,,,,,,
3090,tt0093509,Matewan,1987.0,nm0000626,135.0,7.9,10789.0
3091,,,,,,,
3092,tt0055850,Chushingura,1962.0,nm0408348,207.0,7.5,2412.0
3093,tt0067411,McCabe & Mrs. Miller,1971.0,nm0000265,120.0,7.6,30829.0
3094,tt0093512,Maurice,1987.0,nm0412465,140.0,7.6,27707.0
3095,tt0032551,The Grapes of Wrath,1940.0,nm0000406,129.0,8.1,107747.0
3096,tt0050738,My Man Godfrey,1957.0,nm0467396,92.0,6.3,1305.0
3097,tt0033045,The Shop Around the Corner,1940.0,nm0523932,99.0,8.0,44814.0
3098,tt0087781,The Natural,1984.0,nm0001469,138.0,7.4,58451.0
3099,tt0073692,Shampoo,1975.0,nm0000797,110.0,6.4,16162.0
3100,tt0105265,A River Runs Through It,1992.0,nm0000602,123.0,7.2,72266.0
3101,tt0093010,Fatal Attraction,1987.0,nm0001490,119.0,6.9,113173.0
3102,tt0089360,Jagged Edge,1985.0,nm0549658,108.0,6.5,18894.0
3103,tt0100680,Stanley & Iris,1990.0,nm0728688,104.0,6.4,9617.0
3104,tt0095631,Midnight Run,1988.0,nm0000976,126.0,7.5,105498.0
3105,tt0099077,Awakenings,1990.0,nm0001508,121.0,7.8,179127.0
3106,tt0099291,Come See the Paradise,1990.0,nm0000570,138.0,6.7,3317.0
3107,tt0101393,Backdraft,1991.0,nm0000165,137.0,6.7,95153.0
3108,tt0101889,The Fisher King,1991.0,nm0000416,137.0,7.5,97751.0
3109,tt0088007,The River,1984.0,nm0041932,124.0,6.3,8464.0
3110,tt0087091,Country,1984.0,nm0669004,105.0,6.6,2443.0
3111,tt0087921,Places in the Heart,1984.0,nm0000914,111.0,7.4,15986.0
3112,tt0090556,"'night, Mother",1986.0,nm0601963,100.0,7.5,2845.0
3113,tt0146675,End of Days,1999.0,nm0001382,122.0,5.8,123815.0
3114,tt0120363,Toy Story 2,1999.0,"nm0005124,nm0105169,nm0881279",92.0,7.9,685725.0
3115,tt0155711,Flawless,1999.0,nm0001708,112.0,6.4,21365.0
3116,tt0189744,Miss Julie,1999.0,nm0001214,103.0,6.1,1692.0
3117,tt0134154,Ride with the Devil,1999.0,nm0000487,138.0,6.7,15369.0
3118,tt0161023,Tumbleweeds,1999.0,nm0640334,102.0,6.7,3806.0
3119,,,,,,,
3120,tt0104114,The Distinguished Gentleman,1992.0,nm0528718,112.0,5.9,18086.0
3121,tt0045877,The Hitch-Hiker,1953.0,nm0526946,71.0,6.9,12101.0
3122,tt0033021,Santa Fe Trail,1940.0,nm0002031,110.0,6.2,4679.0
3123,,,,,,,
3124,tt0160509,Agnes Browne,1999.0,nm0001378,92.0,6.5,2276.0
3125,tt0172396,The End of the Affair,1999.0,nm0001403,102.0,7.0,25774.0
3126,tt0048034,The End of the Affair,1955.0,nm0229424,105.0,6.5,1692.0
3127,tt0144715,Holy Smoke,1999.0,nm0001005,115.0,5.9,16514.0
3128,tt0160513,A Map of the World,1999.0,nm0254623,125.0,6.5,4971.0
3129,tt0158371,Sweet and Lowdown,1999.0,nm0000095,95.0,7.1,37236.0
3130,,,,,,,
3131,tt0118780,Broadway Damage,1997.0,nm0585990,111.0,6.5,732.0
3132,tt0010040,Daddy-Long-Legs,1919.0,nm0624714,85.0,6.6,1527.0
3133,tt0015863,Go West,1925.0,nm0000036,83.0,7.1,5712.0
3134,tt0028950,Grand Illusion,1937.0,nm0719756,113.0,8.0,41437.0
3135,tt0079239,The Great Santini,1979.0,nm0137573,115.0,7.2,8032.0
3136,tt0050558,The James Dean Story,1957.0,"nm0000265,nm0313434",81.0,6.2,763.0
3137,tt0081470,The Sea Wolves,1980.0,nm0572132,120.0,6.3,6118.0
3138,tt0096171,Stealing Home,1988.0,"nm0436950,nm0017620",98.0,6.6,5512.0
3139,tt0024645,Tarzan the Fearless,1933.0,nm0384616,86.0,4.8,918.0
3140,,,,,,,
3141,tt0100828,The Two Jakes,1990.0,nm0000197,137.0,6.1,15872.0
3142,tt0096328,U2: Rattle and Hum,1988.0,nm0423333,99.0,7.6,6439.0
3143,tt0063056,Hell in the Pacific,1968.0,nm0000958,103.0,7.2,10007.0
3144,tt0060463,The Glass Bottom Boat,1966.0,nm0850895,110.0,6.5,5761.0
3145,,,,,,,
3146,tt0205000,Deuce Bigalow: Male Gigolo,1999.0,nm0593610,88.0,5.7,85994.0
3147,tt0120689,The Green Mile,1999.0,nm0001104,189.0,8.6,1588756.0
3148,tt0124315,The Cider House Rules,1999.0,nm0002120,126.0,7.4,110347.0
3149,tt0167423,Diamonds,1999.0,nm0038875,91.0,5.4,1857.0
3150,tt0141974,The War Zone,1999.0,nm0000619,98.0,7.2,12197.0
3151,tt0020668,The Bat Whispers,1930.0,nm0922327,84.0,6.3,1558.0
3152,tt0067328,The Last Picture Show,1971.0,nm0000953,118.0,8.0,57717.0
3153,tt0051337,The 7th Voyage of Sinbad,1958.0,nm0432846,88.0,7.0,16691.0
3154,tt0037547,Blood on the Sun,1945.0,nm0515979,94.0,6.0,2534.0
3155,tt0166485,Anna and the King,1999.0,nm0855035,148.0,6.7,40616.0
3156,tt0182789,Bicentennial Man,1999.0,nm0001060,132.0,6.9,136522.0
3157,tt0164912,Stuart Little,1999.0,nm0591450,84.0,6.0,162491.0
3158,,,,,,,
3159,tt0120910,Fantasia 2000,1999.0,"nm0019282,nm0110293,nm0110294,nm0125186,nm0322368,nm0325196,nm0353893,nm0402563",75.0,7.1,44427.0
3160,tt0175880,Magnolia,1999.0,nm0000759,188.0,8.0,353995.0
3161,tt0119079,Onegin,1999.0,nm0276397,106.0,6.7,9037.0
3162,tt0174204,Simpatico,1999.0,nm0911334,106.0,4.7,3839.0
3163,tt0151568,Topsy-Turvy,1999.0,nm0005139,160.0,7.3,14377.0
3164,,,,,,,
3165,tt0106455,Boiling Point,1993.0,nm0364805,92.0,5.0,7213.0
3166,tt0096978,Brenda Starr,1989.0,nm0589228,93.0,4.8,1412.0
3167,tt0066892,Carnal Knowledge,1971.0,nm0001566,98.0,6.9,17328.0
3168,tt0064276,Easy Rider,1969.0,nm0000454,95.0,7.2,123733.0
3169,,,,,,,
3170,tt0032590,Hi-Yo Silver,1940.0,"nm0257638,nm0936823",69.0,6.5,113.0
3171,,,,,,,
3172,tt0047630,Ulysses,1954.0,nm0131460,94.0,6.6,6857.0
3173,tt0146838,Any Given Sunday,1999.0,nm0000231,162.0,6.9,132376.0
3174,tt0125664,Man on the Moon,1999.0,nm0001232,118.0,7.4,144372.0
3175,tt0177789,Galaxy Quest,1999.0,nm0661751,102.0,7.4,193630.0
3176,tt0134119,The Talented Mr. Ripley,1999.0,nm0005237,139.0,7.4,276365.0
3177,,,,,,,
3178,tt0174856,The Hurricane,1999.0,nm0422484,146.0,7.6,109206.0
3179,tt0145653,Angela's Ashes,1999.0,nm0000570,145.0,7.3,24661.0
3180,tt0196857,Play It to the Bone,1999.0,nm0005421,124.0,5.5,12799.0
3181,tt0120866,Titus,1999.0,nm0853380,162.0,7.0,22395.0
3182,tt0192335,"Mr. Death: The Rise and Fall of Fred A. Leuchter, Jr.",1999.0,nm0001554,91.0,7.5,6006.0
3183,tt0174268,The Third Miracle,1999.0,nm0002140,119.0,6.5,3795.0
3184,tt0119699,Montana,1998.0,nm0500745,96.0,6.1,2114.0
3185,tt0120834,Snow Falling on Cedars,1999.0,nm0382956,127.0,6.7,15030.0
3186,tt0172493,"Girl, Interrupted",1999.0,nm0003506,127.0,7.3,237302.0
3187,tt0169333,Trans,1998.0,nm0325341,80.0,5.7,440.0
3188,tt0208261,The Life and Times of Hank Greenberg,1998.0,nm0447476,90.0,7.6,843.0
3189,,,,,,,
3190,tt0134983,Supernova,2000.0,"nm0001353,nm0000338,nm0794791",90.0,4.9,21254.0
3191,tt0169156,The Quarry,1998.0,nm0405578,112.0,6.3,207.0
3192,tt0169302,The Terrorist,1998.0,nm0007144,95.0,7.0,2083.0
3193,tt0198385,Creature,1999.0,nm0666610,76.0,6.5,99.0
3194,tt0070903,The Way We Were,1973.0,nm0001628,118.0,7.0,31276.0
3195,tt0013662,Tess of the Storm Country,1922.0,nm0731910,137.0,7.0,545.0
3196,tt0046359,Stalag 17,1953.0,nm0000697,120.0,7.9,60612.0
3197,tt0095897,The Presidio,1988.0,nm0001382,97.0,6.0,21550.0
3198,tt0070511,Papillon,1973.0,nm0769874,151.0,8.0,147142.0
3199,tt0050815,Pal Joey,1957.0,nm0796645,111.0,6.6,6417.0
3200,tt0070290,The Last Detail,1973.0,nm0000797,104.0,7.5,31573.0
3201,tt0065724,Five Easy Pieces,1970.0,nm0706182,98.0,7.3,45186.0
3202,,,,,,,
3203,tt0097162,Dead Calm,1989.0,nm0637518,96.0,6.8,49249.0
3204,tt0077269,The Boys from Brazil,1978.0,nm0769874,125.0,7.0,34420.0
3205,tt0054067,Black Sunday,1960.0,nm0000878,87.0,7.1,20422.0
3206,tt0086859,Against All Odds,1984.0,nm0000431,121.0,6.0,15851.0
3207,tt0045162,The Snows of Kilimanjaro,1952.0,"nm0454771,nm0001928",114.0,6.1,6620.0
3208,tt0107659,Loaded Weapon 1,1993.0,nm0704164,84.0,6.2,53798.0
3209,tt0040552,The Loves of Carmen,1948.0,nm0896533,99.0,6.1,1552.0
3210,tt0083929,Fast Times at Ridgemont High,1982.0,nm0002132,90.0,7.1,126484.0
3211,tt0094924,A Cry in the Dark,1988.0,nm0770961,120.0,6.9,12301.0
3212,tt0066856,Born to Win,1971.0,nm0664852,88.0,5.8,2539.0
3213,tt0106364,Batman: Mask of the Phantasm,1993.0,"nm0022828,nm0456631,nm0667469,nm0722713,nm0705779,nm0863622",76.0,7.8,65184.0
3214,tt0088707,American Flyers,1985.0,nm0000824,113.0,6.5,7407.0
3215,tt0075406,Voyage of the Damned,1976.0,nm0742341,155.0,6.4,3987.0
3216,,,,,,,
3217,tt0029606,A Star Is Born,1937.0,"nm0920074,nm0176699,nm0281808",111.0,7.3,12059.0
3218,tt0102687,Poison,1991.0,nm0001331,85.0,6.3,5533.0
3219,tt0100318,Pacific Heights,1990.0,nm0772259,102.0,6.4,26201.0
3220,tt0055230,Night Tide,1961.0,nm0364252,86.0,6.4,4807.0
3221,tt0083851,The Draughtsman's Contract,1982.0,nm0000425,108.0,7.2,12136.0
3222,tt0087034,Carmen,1984.0,nm0742940,152.0,7.4,1840.0
3223,tt0090366,A Zed & Two Noughts,1985.0,nm0000425,115.0,7.2,8234.0
3224,tt0058625,Woman in the Dunes,1964.0,nm0856267,147.0,8.4,26669.0
3225,tt0186975,Down to You,2000.0,nm0410640,91.0,5.0,16627.0
3226,,,,,,,
3227,tt0117131,"Not Love, Just Frenzy",1996.0,"nm0016203,nm0054221,nm0579687",101.0,5.5,721.0
3228,tt0153866,Wirey Spindell,1999.0,nm0769703,101.0,5.1,503.0
3229,,,,,,,
3230,tt0071935,The Odessa File,1974.0,nm0623768,130.0,7.0,13678.0
3231,tt0011652,The Saphead,1920.0,"nm0085133,nm0810367",77.0,6.1,1953.0
3232,tt0016332,Seven Chances,1925.0,nm0000036,56.0,7.8,13437.0
3233,tt0062281,Smashing Time,1967.0,nm0204471,96.0,5.9,698.0
3234,,,,,,,
3235,tt0081748,Where the Buffalo Roam,1980.0,nm0513165,99.0,6.5,13379.0
3236,tt0068011,Zachariah,1971.0,nm0257698,93.0,5.8,880.0
3237,tt0183065,Kestrel's Eye,1998.0,nm0471585,89.0,7.0,117.0
3238,tt0120662,Eye of the Beholder,1999.0,nm0254632,109.0,5.0,16716.0
3239,tt0141399,Isn't She Great,2000.0,nm0000921,95.0,5.4,2654.0
3240,tt0156639,The Big Tease,1999.0,nm0020728,86.0,6.2,2752.0
3241,tt0201840,The Cup,1999.0,nm0634897,93.0,6.9,3508.0
3242,,,,,,,
3243,tt0104187,Encino Man,1992.0,nm0562645,88.0,5.9,50321.0
3244,tt0076095,The Goodbye Girl,1977.0,nm0006889,111.0,7.4,17893.0
3245,tt0058604,I Am Cuba,1964.0,nm0435563,108.0,8.2,12785.0
3246,tt0104797,Malcolm X,1992.0,nm0000490,202.0,7.7,112703.0
3247,tt0105417,Sister Act,1992.0,nm0001915,100.0,6.6,119993.0
3248,tt0108147,Sister Act 2: Back in the Habit,1993.0,nm0004886,107.0,5.8,64451.0
3249,tt0104389,The Hand That Rocks the Cradle,1992.0,nm0000436,110.0,6.7,57038.0
3250,tt0106246,Alive,1993.0,nm0550881,128.0,7.1,69373.0
3251,tt0088683,Agnes of God,1985.0,nm0422484,98.0,6.6,8723.0
3252,tt0105323,Scent of a Woman,1992.0,nm0000976,156.0,8.0,376739.0
3253,tt0105793,Wayne's World,1992.0,nm0790715,94.0,7.0,183949.0
3254,tt0108525,Wayne's World 2,1993.0,nm0839660,95.0,6.2,92864.0
3255,tt0104694,A League of Their Own,1992.0,nm0001508,128.0,7.4,132725.0
3256,tt0105112,Patriot Games,1992.0,nm0637518,117.0,6.9,129758.0
3257,tt0103855,The Bodyguard,1992.0,nm0413875,129.0,6.4,160537.0
3258,tt0104070,Death Becomes Her,1992.0,nm0000709,104.0,6.7,152305.0
3259,tt0104231,Far and Away,1992.0,nm0000165,140.0,6.6,73506.0
3260,tt0104454,Howards End,1992.0,nm0412465,142.0,7.3,39116.0
3261,tt0105415,Singles,1992.0,nm0001081,99.0,6.8,35885.0
3262,tt0105665,Twin Peaks: Fire Walk with Me,1992.0,nm0000186,134.0,7.3,120268.0
3263,tt0105812,White Men Can't Jump,1992.0,nm0005421,115.0,6.8,104753.0
3264,tt0103893,Buffy the Vampire Slayer,1992.0,nm0476900,86.0,5.7,53166.0
3265,tt0104684,Hard Boiled,1992.0,nm0000247,128.0,7.7,60869.0
3266,tt0103905,Man Bites Dog,1992.0,"nm0069715,nm0095298,nm0688143",95.0,7.4,45444.0
3267,,,,,,,
3268,tt0105477,Stop! Or My Mom Will Shoot,1992.0,nm0006854,87.0,4.4,46659.0
3269,tt0104291,Forever Young,1992.0,nm0591171,102.0,6.4,53229.0
3270,tt0104040,The Cutting Edge,1992.0,nm0001274,101.0,6.9,25662.0
3271,tt0105046,Of Mice and Men,1992.0,nm0000641,115.0,7.4,51914.0
3272,tt0103759,Bad Lieutenant,1992.0,nm0001206,96.0,7.0,53388.0
3273,tt0134084,Scream 3,2000.0,nm0000127,116.0,5.7,188713.0
3274,tt0105414,Single White Female,1992.0,nm0775447,107.0,6.4,47379.0
3275,tt0144117,The Boondock Saints,1999.0,nm0240627,108.0,7.6,264366.0
3276,tt0171356,Gun Shy,2000.0,nm0086826,101.0,5.6,8360.0
3277,tt0185154,Beloved/Friend,1999.0,nm0690532,87.0,6.4,499.0
3278,,,,,,,
3279,tt0143344,Knockout,1999.0,nm0235387,99.0,4.0,236.0
3280,tt0069754,The Baby,1973.0,nm0692872,84.0,6.1,5248.0
3281,tt0144801,The Brandon Teena Story,1998.0,"nm0615767,nm0645880",89.0,7.0,1425.0
3282,tt0116102,Different for Girls,1996.0,nm0817811,92.0,7.0,2130.0
3283,tt0067433,Minnie and Moskowitz,1971.0,nm0001023,114.0,7.2,5908.0
3284,tt0067848,They Might Be Giants,1971.0,nm0367431,98.0,6.7,3646.0
3285,tt0163978,The Beach,2000.0,nm0000965,119.0,6.6,271680.0
3286,tt0184907,Snow Day,2000.0,nm0462277,89.0,5.2,14812.0
3287,tt0220099,The Tigger Movie,2000.0,nm0266255,77.0,6.4,22065.0
3288,tt0159373,Cotton Mary,1999.0,"nm0580337,nm0415528",124.0,5.3,543.0
3289,tt0209189,Not One Less,1999.0,nm0955443,106.0,7.7,9895.0
3290,tt0171764,Soft Toilet Seats,1999.0,nm0884743,107.0,5.2,87.0
3291,tt0217107,Trois,2000.0,nm0362734,93.0,4.0,816.0
3292,tt0047878,The Big Combo,1955.0,nm0507390,87.0,7.3,10184.0
3293,tt0118882,Conceiving Ada,1997.0,nm0380961,85.0,5.0,564.0
3294,tt0074455,Eaten Alive,1976.0,nm0001361,91.0,5.5,10016.0
3295,tt0107920,Raining Stones,1993.0,nm0516360,90.0,7.3,5345.0
3296,tt0062376,"To Sir, with Love",1967.0,nm0165412,105.0,7.6,22307.0
3297,tt0020594,With Byrd at the South Pole,1930.0,,82.0,6.8,456.0
3298,tt0181984,Boiler Room,2000.0,nm0950226,120.0,7.0,60967.0
3299,tt0162983,Hanging Up,2000.0,nm0000473,94.0,4.9,13936.0
3300,tt0134847,Pitch Black,2000.0,nm0878638,109.0,7.0,266385.0
3301,tt0190138,The Whole Nine Yards,2000.0,nm0528718,98.0,6.7,136740.0
3302,tt0159272,Beautiful People,1999.0,nm0229026,107.0,6.7,2604.0
3303,,,,,,,
3304,tt0077248,Blue Collar,1978.0,nm0001707,114.0,7.5,12355.0
3305,tt0036653,Bluebeard,1944.0,nm0880618,72.0,5.9,2363.0
3306,tt0018773,The Circus,1928.0,nm0000122,72.0,8.1,38979.0
3307,tt0021749,City Lights,1931.0,nm0000122,87.0,8.5,218563.0
3308,tt0087265,The Flamingo Kid,1984.0,nm0005190,100.0,6.2,6601.0
3309,,,,,,,
3310,tt0012349,The Kid,1921.0,nm0000122,68.0,8.2,147342.0
3311,tt0048342,The Man from Laramie,1955.0,nm0542649,103.0,7.3,13392.0
3312,,,,,,,
3313,tt0084395,Class Reunion,1982.0,nm0588964,84.0,4.6,2596.0
3314,tt0044420,The Big Trees,1952.0,nm0270765,89.0,5.7,2067.0
3315,tt0043618,Happy Go Lovely,1951.0,nm0401680,97.0,6.5,983.0
3316,tt0184858,Reindeer Games,2000.0,nm0001239,104.0,5.8,45072.0
3317,tt0185014,Wonder Boys,2000.0,nm0000436,107.0,7.2,69459.0
3318,,,,,,,
3319,tt0181618,Judy Berlin,1999.0,nm0578857,93.0,6.9,1111.0
3320,tt0164756,Mifune,1999.0,nm0469273,98.0,7.1,8359.0
3321,,,,,,,
3322,tt0199290,3 Strikes,2000.0,nm0690770,82.0,4.8,3934.0
3323,tt0194368,Chain of Fools,2000.0,"nm0530579,nm1969399",98.0,6.0,4625.0
3324,tt0186045,Drowning Mona,2000.0,nm0327064,96.0,5.8,16790.0
3325,tt0156841,The Next Best Thing,2000.0,nm0772259,108.0,4.7,12163.0
3326,tt0181151,What Planet Are You From?,2000.0,nm0001566,105.0,5.7,10178.0
3327,,,,,,,
3328,tt0165798,Ghost Dog: The Way of the Samurai,1999.0,nm0000464,116.0,7.5,103893.0
3329,tt0094347,The Year My Voice Broke,1987.0,nm0241090,103.0,7.3,2464.0
3330,tt0055471,Splendor in the Grass,1961.0,nm0001415,124.0,7.7,23182.0
3331,tt0085980,My Tutor,1983.0,nm0101055,97.0,5.2,4531.0
3332,tt0056173,The Legend of Lobo,1962.0,nm0019282,67.0,6.6,638.0
3333,tt0063185,The Killing of Sister George,1968.0,nm0000736,138.0,7.0,2802.0
3334,tt0040506,Key Largo,1948.0,nm0001379,100.0,7.7,47749.0
3335,tt0047127,Jail Bait,1954.0,nm0000248,71.0,3.8,3039.0
3336,,,,,,,
3337,,,,,,,
3338,tt0097372,For All Mankind,1989.0,nm0718031,80.0,8.1,7391.0
3339,tt0074695,Cross of Iron,1977.0,nm0001603,119.0,7.4,31960.0
3340,,,,,,,
3341,tt0042276,Born Yesterday,1950.0,nm0002030,103.0,7.5,13776.0
3342,tt0086969,Birdy,1984.0,nm0000570,120.0,7.2,26887.0
3343,tt0092559,And God Created Woman,1988.0,nm0671862,98.0,4.5,2332.0
3344,tt0056875,Blood Feast,1963.0,nm0504496,67.0,5.0,8010.0
3345,tt0062793,"Charlie, the Lonesome Cougar",1967.0,nm0382548,75.0,6.7,1011.0
3346,tt0059044,Color Me Blood Red,1965.0,nm0504496,79.0,5.1,2193.0
3347,tt0086005,Never Cry Wolf,1983.0,nm0050597,105.0,7.5,9588.0
3348,,,,,,,
3349,tt0039698,The Perils of Pauline,1947.0,nm0550892,96.0,6.4,1356.0
3350,tt0055353,A Raisin in the Sun,1961.0,nm0677951,128.0,8.0,10690.0
3351,tt0058694,Two Thousand Maniacs!,1964.0,nm0504496,83.0,5.7,5685.0
3352,tt0171135,Brown's Requiem,1998.0,nm0293253,104.0,5.8,1067.0
3353,,,,,,,
3354,tt0183523,Mission to Mars,2000.0,nm0000361,114.0,5.7,80255.0
3355,,,,,,,
3356,tt0154352,Condo Painting,2000.0,nm0573796,86.0,7.2,82.0
3357,tt0181530,East/West,1999.0,nm0912224,121.0,7.4,5401.0
3358,tt0101698,Defending Your Life,1991.0,nm0000983,112.0,7.2,23944.0
3359,tt0078902,Breaking Away,1979.0,nm0946811,101.0,7.7,27891.0
3360,tt0091217,Hoosiers,1986.0,nm0000770,114.0,7.4,57848.0
3361,tt0094812,Bull Durham,1988.0,nm0005421,108.0,7.0,63668.0
3362,tt0072890,Dog Day Afternoon,1975.0,nm0001486,125.0,8.0,295070.0
3363,tt0069704,American Graffiti,1973.0,nm0000184,110.0,7.4,106848.0
3364,tt0042208,The Asphalt Jungle,1950.0,nm0001379,112.0,7.8,33471.0
3365,tt0049730,The Searchers,1956.0,nm0000406,119.0,7.8,104015.0
3366,,,,,,,
3367,tt0062886,The Devil's Brigade,1968.0,nm0572132,130.0,6.7,7063.0
3368,tt0051411,The Big Country,1958.0,nm0943758,166.0,7.9,24804.0
3369,tt0057344,Any Number Can Win,1963.0,nm0894577,118.0,7.3,5326.0
3370,tt0094731,Betrayed,1988.0,nm0002020,127.0,6.4,7988.0
3371,tt0074235,Bound for Glory,1976.0,nm0000797,147.0,7.2,6111.0
3372,tt0064110,The Bridge at Remagen,1969.0,nm0347086,115.0,6.7,11956.0
3373,tt0068323,Buck and the Preacher,1972.0,"nm0001627,nm0765121",102.0,6.6,3200.0
3374,,,,,,,
3375,tt0042393,Destination Moon,1950.0,nm0681635,92.0,6.3,5291.0
3376,,,,,,,
3377,tt0035966,Hangmen Also Die!,1943.0,nm0000485,134.0,7.4,7476.0
3378,tt0118043,The Ogre,1996.0,nm0772522,118.0,6.8,2804.0
3379,tt0053137,On the Beach,1959.0,nm0006452,134.0,7.1,16416.0
3380,tt0039748,Railroaded!,1947.0,nm0542649,72.0,6.6,1968.0
3381,tt0117664,Slaves to the Underground,1997.0,nm0677253,93.0,5.2,350.0
3382,tt0028282,Song of Freedom,1936.0,nm0932625,66.0,6.3,493.0
3383,tt0028629,Big Fella,1937.0,nm0932625,73.0,5.8,222.0
3384,tt0072251,The Taking of Pelham One Two Three,1974.0,nm0765121,104.0,7.6,42041.0
3385,tt0090274,Volunteers,1985.0,nm0583292,107.0,5.5,11856.0
3386,tt0102138,JFK,1991.0,nm0000231,189.0,8.0,183703.0
3387,tt0098645,Who's Harry Crumb?,1989.0,nm0280901,94.0,5.9,19534.0
3388,tt0093148,Harry and the Hendersons,1987.0,nm0213100,110.0,6.1,40009.0
3389,tt0091400,Let's Get Harry,1986.0,"nm0742341,nm0000647",102.0,5.3,1754.0
3390,tt0091934,Shanghai Surprise,1986.0,nm0323795,97.0,3.3,6177.0
3391,tt0094321,Who's That Girl,1987.0,nm0001226,92.0,4.9,12188.0
3392,tt0098309,She-Devil,1989.0,nm0782384,99.0,5.8,21468.0
3393,tt0092834,Date with an Angel,1987.0,nm0572951,105.0,5.6,3434.0
3394,tt0092666,Blind Date,1987.0,nm0001175,95.0,6.0,26223.0
3395,tt0093596,Nadine,1987.0,nm0000914,83.0,5.5,4814.0
3396,tt0079588,The Muppet Movie,1979.0,nm0292419,95.0,7.6,43200.0
3397,tt0082474,The Great Muppet Caper,1981.0,nm0001345,97.0,7.1,18629.0
3398,tt0087755,The Muppets Take Manhattan,1984.0,"nm0000568,nm0326837",94.0,6.9,24533.0
3399,,,,,,,
3400,tt0108526,We're Back! A Dinosaur's Story,1993.0,"nm0629216,nm0920425,nm0957797,nm0957798",72.0,6.1,17429.0
3401,tt0088760,Baby: Secret of the Lost Legend,1985.0,nm0636165,95.0,5.1,3758.0
3402,tt0090219,Turtle Diary,1985.0,nm0410139,97.0,6.9,891.0
3403,tt0081400,Raise the Titanic,1980.0,nm0417054,115.0,5.3,6265.0
3404,tt0046435,Titanic,1953.0,nm0624535,98.0,7.0,8297.0
3405,tt0051994,A Night to Remember,1958.0,nm0001928,123.0,7.9,19685.0
3406,tt0043379,Captain Horatio Hornblower,1951.0,nm0909825,117.0,7.3,8646.0
3407,,,,,,,
3408,tt0195685,Erin Brockovich,2000.0,nm0001752,131.0,7.5,250261.0
3409,tt0195714,Final Destination,2000.0,nm0939128,98.0,6.7,341592.0
3410,tt0180181,Soft Fruit,1999.0,nm0028297,101.0,6.6,566.0
3411,,,,,,,
3412,tt0095800,The Bear,1988.0,nm0000269,96.0,7.7,20698.0
3413,tt0041503,Impact,1949.0,nm0523893,111.0,7.0,5678.0
3414,tt0048316,Love Is a Many-Splendored Thing,1955.0,"nm0454771,nm0485871",102.0,6.4,5941.0
3415,tt0072443,The Mirror,1975.0,nm0001789,107.0,7.9,58593.0
3416,,,,,,,
3417,tt0044517,The Crimson Pirate,1952.0,nm0802563,105.0,7.1,7756.0
3418,tt0103074,Thelma & Louise,1991.0,nm0000631,130.0,7.6,197192.0
3419,tt0066392,Something for Everyone,1970.0,nm0697660,112.0,7.0,1269.0
3420,tt0078718,And Justice for All,1979.0,nm0422484,119.0,7.4,46815.0
3421,,,,,,,
3422,tt0091939,She's Gotta Have It,1986.0,nm0000490,84.0,6.7,17900.0
3423,tt0096054,School Daze,1988.0,nm0000490,121.0,6.1,8798.0
3424,tt0097216,Do the Right Thing,1989.0,nm0000490,120.0,7.9,126479.0
3425,tt0100168,Mo' Better Blues,1990.0,nm0000490,130.0,6.7,15179.0
3426,tt0102175,Jungle Fever,1991.0,nm0000490,132.0,6.6,21263.0
3427,tt0062824,Coogan's Bluff,1968.0,nm0796923,94.0,6.4,21251.0
3428,tt0078950,The Champ,1979.0,nm0001874,121.0,6.8,10015.0
3429,,,,,,,
3430,tt0071402,Death Wish,1974.0,nm0935382,93.0,6.9,48853.0
3431,tt0082250,Death Wish II,1982.0,nm0935382,89.0,6.0,20660.0
3432,tt0089003,Death Wish 3,1985.0,nm0935382,90.0,5.8,19510.0
3433,tt0092857,Death Wish 4: The Crackdown,1987.0,nm0496746,99.0,5.5,12671.0
3434,,,,,,,
3435,tt0036775,Double Indemnity,1944.0,nm0000697,107.0,8.3,183530.0
3436,tt0101787,Dying Young,1991.0,nm0001708,111.0,6.0,18343.0
3437,tt0101615,Cool as Ice,1991.0,nm0446109,91.0,3.0,10896.0
3438,tt0100758,Teenage Mutant Ninja Turtles,1990.0,nm0006625,93.0,6.8,113782.0
3439,tt0103060,Teenage Mutant Ninja Turtles II: The Secret of the Ooze,1991.0,nm0696309,88.0,6.1,65281.0
3440,tt0108308,Teenage Mutant Ninja Turtles III,1993.0,nm0318795,96.0,4.8,39170.0
3441,tt0087985,Red Dawn,1984.0,nm0587518,114.0,6.4,69670.0
3442,tt0090693,Band of the Hand,1986.0,nm0001274,109.0,6.2,3597.0
3443,tt0091313,Born American,1986.0,nm0001317,95.0,4.3,2394.0
3444,tt0092675,Bloodsport,1988.0,nm0036582,92.0,6.8,104892.0
3445,tt0077530,Eyes of Laura Mars,1978.0,nm0449984,104.0,6.2,13794.0
3446,tt0113133,Funny Bones,1995.0,nm0155093,128.0,6.7,3933.0
3447,tt0028944,The Good Earth,1937.0,"nm0291548,nm0281808,nm0532561,nm0939992",138.0,7.4,5814.0
3448,tt0093105,"Good Morning, Vietnam",1987.0,nm0001469,121.0,7.3,167695.0
3449,tt0095238,The Good Mother,1988.0,nm0000559,103.0,5.7,1906.0
3450,tt0107050,Grumpy Old Men,1993.0,nm0677953,103.0,7.0,58024.0
3451,tt0061735,Guess Who's Coming to Dinner,1967.0,nm0006452,108.0,7.8,53332.0
3452,tt0165929,Romeo Must Die,2000.0,nm0005647,115.0,6.1,77761.0
3453,tt0195778,Here on Earth,2000.0,nm0686184,96.0,5.2,9330.0
3454,tt0202402,Whatever It Takes,2000.0,nm0713527,94.0,5.5,13373.0
3455,tt0146516,Buddy Boy,1999.0,nm0360144,105.0,6.3,1169.0
3456,tt0191043,The Color of Paradise,1999.0,nm0006498,90.0,8.1,19605.0
3457,,,,,,,
3458,tt0098251,Blood and Sand,1989.0,nm0255546,113.0,4.6,1311.0
3459,tt0091142,Gothic,1986.0,nm0001692,87.0,5.7,10144.0
3460,tt0061765,Hillbillys in a Haunted House,1967.0,nm0946391,86.0,2.8,1691.0
3461,tt0057261,Lord of the Flies,1963.0,nm0111656,92.0,6.8,22301.0
3462,tt0027977,Modern Times,1936.0,nm0000122,87.0,8.5,288238.0
3463,,,,,,,
3464,,,,,,,
3465,tt0092079,That's Life!,1986.0,nm0001175,102.0,6.0,1998.0
3466,tt0107091,Heart and Souls,1993.0,nm0881038,104.0,7.0,20486.0
3467,tt0057163,Hud,1963.0,nm0728688,112.0,7.8,26435.0
3468,tt0054997,The Hustler,1961.0,nm0744035,134.0,7.9,90647.0
3469,tt0053946,Inherit the Wind,1960.0,nm0006452,128.0,8.1,36007.0
3470,,,,,,,
3471,tt0075860,Close Encounters of the Third Kind,1977.0,nm0000229,138.0,7.6,238963.0
3472,tt0053719,Horror Hotel,1960.0,nm0610303,76.0,6.7,9892.0
3473,tt0074718,Jonah Who Will Be 25 in the Year 2000,1976.0,nm0849609,116.0,7.5,1334.0
3474,tt0117468,Retroactive,1997.0,nm0007128,91.0,6.2,7312.0
3475,tt0043924,A Place in the Sun,1951.0,nm0828419,122.0,7.7,27351.0
3476,tt0099871,Jacob's Ladder,1990.0,nm0001490,113.0,7.4,131231.0
3477,tt0112950,Empire Records,1995.0,nm0610496,90.0,6.7,72085.0
3478,,,,,,,
3479,tt0089457,Ladyhawke,1985.0,nm0001149,121.0,6.9,55960.0
3480,tt0091445,Lucas,1986.0,nm0783544,100.0,6.9,19073.0
3481,tt0146882,High Fidelity,2000.0,nm0001241,113.0,7.4,201427.0
3482,tt0188160,Price of Glory,2000.0,nm0959665,118.0,6.2,958.0
3483,tt0138749,The Road to El Dorado,2000.0,"nm0074426,nm0666802,nm0005076",89.0,6.9,121078.0
3484,tt0192614,The Skulls,2000.0,nm0003418,106.0,5.7,35687.0
3485,tt0073327,Autopsy,1975.0,nm0006372,100.0,5.9,2372.0
3486,tt0046907,Devil Girl from Mars,1954.0,nm0531674,77.0,5.0,2648.0
3487,,,,,,,
3488,,,,,,,
3489,tt0102057,Hook,1991.0,nm0000229,142.0,6.8,295083.0
3490,tt0068713,Horror Express,1972.0,nm0554632,88.0,6.5,14947.0
3491,tt0091579,My Chauffeur,1986.0,nm0063581,97.0,5.5,2340.0
3492,tt0017416,The Son of the Sheik,1926.0,nm0280463,68.0,6.5,2271.0
3493,tt0069920,Torso,1973.0,nm0553941,92.0,6.5,9336.0
3494,tt0065126,True Grit,1969.0,nm0368871,128.0,7.4,54643.0
3495,tt0105267,Roadside Prophets,1992.0,nm0941067,96.0,6.3,1544.0
3496,tt0095564,Madame Sousatzka,1988.0,nm0772259,122.0,6.6,1782.0
3497,tt0085919,Max Dugan Returns,1983.0,nm0006889,98.0,6.7,4275.0
3498,tt0077928,Midnight Express,1978.0,nm0000570,121.0,7.5,95918.0
3499,tt0100157,Misery,1990.0,nm0001661,107.0,7.8,269896.0
3500,tt0104928,Mr. Saturday Night,1992.0,nm0000345,119.0,5.9,5474.0
3501,tt0089643,Murphy's Romance,1985.0,nm0728688,107.0,7.0,8098.0
3502,tt0107630,My Life,1993.0,nm0748022,117.0,6.8,13105.0
3503,tt0069293,Solaris,1972.0,nm0001789,167.0,7.9,105382.0
3504,tt0074958,Network,1976.0,nm0001486,121.0,8.0,188259.0
3505,tt0093640,No Way Out,1987.0,nm0002044,114.0,7.1,56798.0
3506,tt0079640,North Dallas Forty,1979.0,nm0467646,119.0,6.9,6536.0
3507,tt0063374,The Odd Couple,1968.0,nm0757256,105.0,7.6,40439.0
3508,tt0075029,The Outlaw Josey Wales,1976.0,nm0000142,135.0,7.8,88099.0
3509,,,,,,,
3510,tt0186151,Frequency,2000.0,nm0387706,118.0,7.4,125278.0
3511,tt0217756,Ready to Rumble,2000.0,nm0005367,107.0,5.4,16358.0
3512,tt0122459,Return to Me,2000.0,nm0001372,115.0,7.0,25566.0
3513,tt0160797,Rules of Engagement,2000.0,nm0001243,128.0,6.4,53198.0
3514,tt0172632,Joe Gould's Secret,2000.0,nm0001804,104.0,6.5,1689.0
3515,,,,,,,
3516,tt0051406,"Bell, Book and Candle",1958.0,nm0703689,106.0,6.8,15044.0
3517,tt0016640,The Bells,1926.0,nm0949648,68.0,6.4,609.0
3518,tt0119062,The End of Violence,1997.0,nm0000694,122.0,5.6,5574.0
3519,tt0077572,Force 10 from Navarone,1978.0,nm0357891,118.0,6.4,21672.0
3520,tt0059287,How to Stuff a Wild Bikini,1965.0,nm0038906,93.0,4.8,1807.0
3521,tt0097940,Mystery Train,1989.0,nm0000464,110.0,7.5,33356.0
3522,,,,,,,
3523,tt0096211,Taffin,1988.0,nm0576283,96.0,5.6,2579.0
3524,tt0082031,Arthur,1981.0,nm0330619,97.0,6.9,34063.0
3525,tt0086927,Bachelor Party,1984.0,nm0411477,105.0,6.3,44148.0
3526,tt0098067,Parenthood,1989.0,nm0000165,124.0,7.1,59724.0
3527,tt0093773,Predator,1987.0,nm0001532,107.0,7.8,507284.0
3528,tt0102713,The Prince of Tides,1991.0,nm0000659,132.0,6.8,21757.0
3529,tt0082934,The Postman Always Rings Twice,1981.0,nm0706182,122.0,6.6,28193.0
3530,tt0108167,Smoking/No Smoking,1993.0,nm0720297,298.0,7.3,2074.0
3531,tt0099014,All the Vermeers in New York,1990.0,nm0430927,87.0,6.4,1152.0
3532,,,,,,,
3533,tt0057710,An Actor's Revenge,1963.0,nm0406728,115.0,7.3,3220.0
3534,tt0191754,28 Days,2000.0,nm0858525,103.0,6.1,58419.0
3535,tt0144084,American Psycho,2000.0,nm0366004,102.0,7.6,858744.0
3536,tt0171433,Keeping the Faith,2000.0,nm0001570,128.0,6.4,54557.0
3537,tt0149367,Where the Money Is,2000.0,nm0437709,89.0,6.3,6854.0
3538,tt0166175,East Is East,1999.0,nm0640740,96.0,6.9,19796.0
3539,tt0236216,The Filth and the Fury,2000.0,nm0854697,108.0,7.6,6410.0
3540,,,,,,,
3541,tt0179063,Third World Cop,1999.0,nm0114976,98.0,6.2,519.0
3542,tt0064180,Coming Apart,1969.0,nm0320113,110.0,6.5,580.0
3543,tt0083833,Diner,1982.0,nm0001469,110.0,7.0,23852.0
3544,tt0102898,Shakes the Clown,1991.0,nm0001281,87.0,5.6,6120.0
3545,tt0068327,Cabaret,1972.0,nm0002080,124.0,7.8,64474.0
3546,tt0056687,What Ever Happened to Baby Jane?,1962.0,nm0000736,134.0,8.0,68483.0
3547,tt0093776,Prick Up Your Ears,1987.0,nm0001241,105.0,7.1,7033.0
3548,tt0051383,Auntie Mame,1958.0,nm0196536,143.0,7.9,14069.0
3549,tt0048140,Guys and Dolls,1955.0,nm0000581,150.0,7.1,21136.0
3550,tt0085701,The Hunger,1983.0,nm0001716,97.0,6.6,32555.0
3551,tt0074860,Marathon Man,1976.0,nm0772259,125.0,7.4,76653.0
3552,tt0080487,Caddyshack,1980.0,nm0000601,98.0,7.2,134603.0
3553,tt0176783,Gossip,2000.0,nm0346550,90.0,5.9,17262.0
3554,,,,,,,
3555,tt0141926,U-571,2000.0,nm0609236,116.0,6.6,93029.0
3556,tt0159097,The Virgin Suicides,1999.0,nm0001068,97.0,7.2,188822.0
3557,tt0104549,Jennifer 8,1992.0,nm0732430,124.0,6.3,19892.0
3558,,,,,,,
3559,tt0044837,Limelight,1952.0,nm0000122,137.0,8.0,24313.0
3560,,,,,,,
3561,,,,,,,
3562,tt0144142,Committed,2000.0,nm0472495,98.0,5.1,4182.0
3563,tt0132910,The Crow: Salvation,2000.0,nm0620576,102.0,4.9,13877.0
3564,tt0158622,The Flintstones in Viva Rock Vegas,2000.0,nm0505152,90.0,3.8,27249.0
3565,tt0198021,Where the Heart Is,2000.0,nm0931285,120.0,6.7,38669.0
3566,,,,,,,
3567,,,,,,,
3568,,,,,,,
3569,tt0154421,The Idiots,1998.0,nm0001885,117.0,6.7,36414.0
3570,tt0180793,The Last September,1999.0,nm0912444,103.0,6.0,986.0
3571,,,,,,,
3572,tt0106521,Carnosaur,1993.0,"nm0800048,nm0540542",83.0,3.7,4776.0
3573,,,,,,,
3574,,,,,,,
3575,tt0156460,Defying Gravity,1997.0,nm0445196,92.0,6.5,1882.0
3576,tt0093185,The Hidden,1987.0,nm0794791,97.0,7.0,26116.0
3577,,,,,,,
3578,tt0172495,Gladiator,2000.0,nm0000631,155.0,8.5,1885695.0
3579,tt0167203,I Dreamed of Africa,2000.0,nm0399853,114.0,5.6,5146.0
3580,tt0153464,Up at the Villa,2000.0,nm0351993,115.0,6.0,2992.0
3581,tt0188674,Human Traffic,1999.0,nm0449863,99.0,7.1,29922.0
3582,tt0210130,"Jails, Hospitals & Hip-Hop",2000.0,"nm0071331,nm0387773",90.0,7.8,80.0
3583,tt0053726,Black Tights,1960.0,nm0950109,140.0,5.9,294.0
3584,tt0085276,Breathless,1983.0,nm0564319,100.0,6.0,12173.0
3585,tt0049279,The Great Locomotive Chase,1956.0,nm0528927,85.0,6.8,1624.0
3586,tt0080913,The Idolmaker,1980.0,nm0000431,117.0,6.9,1696.0
3587,tt0080923,Inferno,1980.0,nm0000783,106.0,6.5,26698.0
3588,tt0068805,The King of Marvin Gardens,1972.0,nm0706182,103.0,6.4,6567.0
3589,tt0060794,"Kill, Baby... Kill!",1966.0,nm0000878,83.0,6.8,8777.0
3590,tt0071772,The Lords of Flatbush,1974.0,"nm0203429,nm0894776",86.0,5.6,5591.0
3591,tt0085970,Mr. Mom,1983.0,nm0236769,91.0,6.6,31510.0
3592,,,,,,,
3593,tt0185183,Battlefield Earth,2000.0,nm0002337,117.0,2.5,85265.0
3594,tt0210616,Center Stage,2000.0,nm0405336,115.0,6.7,22952.0
3595,,,,,,,
3596,tt0156323,Screwed,2000.0,"nm0018735,nm0438989",81.0,5.7,10064.0
3597,tt0174336,Whipped,2000.0,nm0169680,82.0,4.5,4554.0
3598,tt0171359,Hamlet,2000.0,nm0021899,112.0,5.9,10413.0
3599,tt0037514,Anchors Aweigh,1945.0,"nm0796645,nm0053484,nm0360253",140.0,7.0,10125.0
3600,tt0054692,Blue Hawaii,1961.0,nm0851537,102.0,6.1,8561.0
3601,tt0071288,The Castaway Cowboy,1974.0,nm0568546,91.0,5.8,1134.0
3602,tt0053848,G.I. Blues,1960.0,nm0851537,104.0,6.2,4911.0
3603,tt0064363,The Gay Deceivers,1969.0,nm0450314,97.0,5.9,1183.0
3604,tt0056048,Gypsy,1962.0,nm0503777,143.0,7.1,7637.0
3605,tt0051818,King Creole,1958.0,nm0002031,116.0,7.0,7220.0
3606,tt0041716,On the Town,1949.0,"nm0002045,nm0000037",98.0,7.3,20117.0
3607,tt0070481,One Little Indian,1973.0,nm0568535,90.0,6.1,834.0
3608,tt0089791,Pee-wee's Big Adventure,1985.0,nm0000318,91.0,7.1,64202.0
3609,tt0181786,Regret to Inform,1998.0,nm0814384,72.0,7.2,387.0
3610,tt0058534,Roustabout,1964.0,nm0723664,101.0,6.0,3680.0
3611,,,,,,,
3612,,,,,,,
3613,tt0096259,Things Change,1988.0,nm0000519,100.0,7.0,4446.0
3614,tt0104438,Honeymoon in Vegas,1992.0,nm0000921,96.0,5.9,20667.0
3615,tt0130623,Dinosaur,2000.0,"nm0500343,nm0957798",82.0,6.4,73833.0
3616,tt0217630,Loser,2000.0,nm0002132,98.0,5.4,31110.0
3617,tt0215129,Road Trip,2000.0,nm0680846,93.0,6.5,190570.0
3618,tt0196216,Small Time Crooks,2000.0,nm0000095,94.0,6.6,43054.0
3619,tt0080881,The Hollywood Knights,1980.0,nm0616152,91.0,6.2,5757.0
3620,tt0119746,The Myth of Fingerprints,1997.0,nm0294505,93.0,6.0,2782.0
3621,tt0082933,Possession,1981.0,nm0958558,124.0,7.2,60721.0
3622,tt0066495,The Twelve Chairs,1970.0,nm0000316,94.0,6.4,7960.0
3623,,,,,,,
3624,tt0184894,Shanghai Noon,2000.0,nm0223359,110.0,6.6,143470.0
3625,tt0207998,Better Living Through Circuitry,1999.0,nm0718505,85.0,7.0,455.0
3626,,,,,,,
3627,tt0055830,Carnival of Souls,1962.0,nm0367547,78.0,7.0,31740.0
3628,tt0034742,Flying Tigers,1942.0,nm0588183,102.0,6.7,4607.0
3629,tt0015864,The Gold Rush,1925.0,nm0000122,95.0,8.1,129339.0
3630,,,,,,,
3631,,,,,,,
3632,tt0039631,Monsieur Verdoux,1947.0,nm0000122,124.0,7.8,20854.0
3633,tt0064757,On Her Majesty's Secret Service,1969.0,nm0402597,142.0,6.7,110155.0
3634,tt0058576,Seven Days in May,1964.0,nm0001239,118.0,7.8,17935.0
3635,tt0076752,The Spy Who Loved Me,1977.0,nm0318150,125.0,7.0,126752.0
3636,tt0118834,Those Who Love Me Can Take the Train,1998.0,nm0161717,122.0,6.2,2104.0
3637,tt0089960,Vagabond,1985.0,nm0889513,105.0,7.6,16192.0
3638,tt0079574,Moonraker,1979.0,nm0318150,126.0,6.3,119034.0
3639,tt0071807,The Man with the Golden Gun,1974.0,nm0357891,125.0,6.7,123238.0
3640,tt0050598,A King in New York,1957.0,nm0000122,105.0,7.0,9976.0
3641,,,,,,,
3642,tt0034889,In Old California,1942.0,nm0568915,88.0,6.3,1752.0
3643,tt0036824,The Fighting Seabees,1944.0,nm0524995,100.0,6.4,4277.0
3644,tt0032383,Dark Command,1940.0,nm0909825,94.0,6.7,3366.0
3645,tt0055852,Cleo from 5 to 7,1962.0,nm0889513,90.0,7.8,32365.0
3646,tt0208003,Big Momma's House,2000.0,nm0331532,99.0,5.3,97051.0
3647,,,,,,,
3648,tt0050095,The Abominable Snowman,1957.0,nm0346436,85.0,6.4,5845.0
3649,tt0080365,American Gigolo,1980.0,nm0001707,117.0,6.3,31475.0
3650,,,,,,,
3651,tt0069029,The Blood Spattered Bride,1972.0,nm0033005,82.0,6.2,2821.0
3652,tt0081318,City of the Living Dead,1980.0,nm0002086,93.0,6.2,21315.0
3653,tt0060371,The Endless Summer,1966.0,nm0113164,95.0,7.6,7023.0
3654,tt0054953,The Guns of Navarone,1961.0,nm0496746,158.0,7.5,61127.0
3655,,,,,,,
3656,tt0039589,Lured,1947.0,nm0802862,102.0,7.0,5902.0
3657,tt0043899,Pandora and the Flying Dutchman,1951.0,nm0506797,124.0,6.9,5521.0
3658,,,,,,,
3659,,,,,,,
3660,,,,,,,
3661,,,,,,,
3662,,,,,,,
3663,,,,,,,
3664,,,,,,,
3665,,,,,,,
3666,,,,,,,
3667,,,,,,,
3668,tt0063518,Romeo and Juliet,1968.0,nm0001874,138.0,7.6,37865.0
3669,tt0105466,Stay Tuned,1992.0,nm0001382,88.0,6.3,14352.0
3670,,,,,,,
3671,tt0071230,Blazing Saddles,1974.0,nm0000316,93.0,7.7,166867.0
3672,tt0071206,Benji,1974.0,nm0131995,86.0,6.1,5582.0
3673,tt0092638,Benji the Hunted,1987.0,nm0131995,88.0,6.3,3730.0
3674,tt0076044,For the Love of Benji,1977.0,nm0131995,85.0,6.0,1337.0
3675,tt0047673,White Christmas,1954.0,nm0002031,120.0,7.6,57319.0
3676,tt0074486,Eraserhead,1977.0,nm0000186,89.0,7.2,145950.0
3677,tt0103767,Baraka,1992.0,nm0294825,96.0,8.5,43548.0
3678,tt0048347,The Man with the Golden Arm,1955.0,nm0695937,119.0,7.3,13597.0
3679,tt0082252,The Decline of Western Civilization,1981.0,nm0790715,100.0,7.5,5837.0
3680,tt0094980,The Decline of Western Civilization Part II: The Metal Years,1988.0,nm0790715,93.0,7.2,4963.0
3681,tt0059578,For a Few Dollars More,1965.0,nm0001466,132.0,8.2,304543.0
3682,tt0070355,Magnum Force,1973.0,nm0692872,124.0,7.2,72532.0
3683,tt0086979,Blood Simple,1984.0,"nm0001054,nm0001053",99.0,7.5,115313.0
3684,tt0097322,The Fabulous Baker Boys,1989.0,nm0460141,114.0,6.9,28087.0
3685,tt0089841,Prizzi's Honor,1985.0,nm0001379,130.0,6.7,28910.0
3686,tt0099582,Flatliners,1990.0,nm0001708,115.0,6.6,99349.0
3687,,,,,,,
3688,tt0084522,Porky's,1981.0,nm0163706,94.0,6.2,49440.0
3689,tt0086129,Porky's II: The Next Day,1983.0,nm0163706,98.0,5.0,13670.0
3690,tt0089826,Porky's Revenge,1985.0,nm0464506,92.0,4.8,9902.0
3691,tt0086143,Private School,1983.0,nm0085457,89.0,5.3,8112.0
3692,tt0090849,Class of Nuke 'Em High,1986.0,"nm0354286,nm0442207",85.0,5.6,10692.0
3693,,,,,,,
3694,tt0098503,The Toxic Avenger Part II,1989.0,"nm0381230,nm0442207",102.0,5.0,8623.0
3695,tt0098502,The Toxic Avenger Part III: The Last Temptation of Toxie,1989.0,"nm0381230,nm0442207",104.0,4.4,6132.0
3696,tt0091630,Night of the Creeps,1986.0,nm0215269,88.0,6.7,29261.0
3697,tt0100403,Predator 2,1990.0,nm0394280,108.0,6.3,204633.0
3698,tt0093894,The Running Man,1987.0,nm0001274,101.0,6.6,193636.0
3699,tt0088172,Starman,1984.0,nm0000118,115.0,7.0,59736.0
3700,tt0087004,The Brother from Another Planet,1984.0,nm0000626,108.0,6.8,7135.0
3701,tt0094631,Alien Nation,1988.0,nm0048491,91.0,6.3,18037.0
3702,tt0079501,Mad Max,1979.0,nm0004306,88.0,6.8,247367.0
3703,,,,,,,
3704,tt0089530,Mad Max: Beyond Thunderdome,1985.0,"nm0004306,nm0644695",107.0,6.2,163826.0
3705,tt0099141,Bird on a Wire,1990.0,nm0000824,110.0,6.0,51464.0
3706,tt0092563,Angel Heart,1987.0,nm0000570,113.0,7.2,105792.0
3707,,,,,,,
3708,tt0087262,Firestarter,1984.0,nm0504495,114.0,6.1,40043.0
3709,tt0105428,Sleepwalkers,1992.0,nm0308376,89.0,5.4,27929.0
3710,tt0094612,Action Jackson,1988.0,nm0062644,96.0,5.6,13818.0
3711,tt0105316,Sarafina!,1992.0,nm0740213,117.0,6.4,2474.0
3712,tt0102951,Soapdish,1991.0,nm0001355,97.0,6.6,19082.0
3713,tt0100046,The Long Walk Home,1990.0,nm0669004,97.0,7.3,5822.0
3714,tt0094882,Clara's Heart,1988.0,nm0612322,108.0,6.1,2766.0
3715,tt0092710,Burglar,1987.0,nm0933505,103.0,5.2,5145.0
3716,tt0093011,Fatal Beauty,1987.0,nm0276169,104.0,5.4,4567.0
3717,tt0187078,Gone in 60 Seconds,2000.0,nm0784061,118.0,6.5,312996.0
3718,tt0179074,American Pimp,1999.0,"nm0400436,nm0400441",87.0,6.6,2423.0
3719,tt0182295,Love's Labour's Lost,2000.0,nm0000110,93.0,5.9,5126.0
3720,tt0145503,Sunshine,1999.0,nm0843640,181.0,7.4,15357.0
3721,,,,,,,
3722,,,,,,,
3723,tt0099726,Hamlet,1990.0,nm0001874,135.0,6.7,25270.0
3724,tt0077362,Coming Home,1978.0,nm0000797,127.0,7.3,16136.0
3725,tt0082009,American Pop,1981.0,nm0000835,96.0,7.2,6247.0
3726,tt0074156,Assault on Precinct 13,1976.0,nm0000118,91.0,7.3,61892.0
3727,tt0093605,Near Dark,1987.0,nm0000941,94.0,6.9,50268.0
3728,tt0102592,One False Move,1991.0,nm0002083,105.0,7.1,17065.0
3729,tt0067741,Shaft,1971.0,nm0662953,100.0,6.6,23350.0
3730,tt0071360,The Conversation,1974.0,nm0000338,113.0,7.7,137936.0
3731,tt0082220,Cutter's Way,1981.0,nm0664852,109.0,6.8,9140.0
3732,tt0077588,The Fury,1978.0,nm0000361,118.0,6.3,19303.0
3733,tt0070509,The Paper Chase,1973.0,nm0108745,113.0,7.2,9454.0
3734,tt0082945,Prince of the City,1981.0,nm0001486,167.0,7.4,10838.0
3735,tt0070666,Serpico,1973.0,nm0001486,130.0,7.7,148476.0
3736,,,,,,,
3737,tt0056195,Lonely Are the Brave,1962.0,nm0588183,107.0,7.5,11154.0
3738,tt0072226,The Sugarland Express,1974.0,nm0000229,110.0,6.8,22578.0
3739,tt0023622,Trouble in Paradise,1932.0,nm0523932,83.0,7.9,17749.0
3740,tt0090728,Big Trouble in Little China,1986.0,nm0000118,99.0,7.2,169741.0
3741,tt0069762,Badlands,1973.0,nm0000517,94.0,7.7,85625.0
3742,,,,,,,
3743,tt0204175,Boys and Girls,2000.0,nm0410769,94.0,5.4,18549.0
3744,tt0162650,Shaft,2000.0,nm0005436,99.0,6.0,86215.0
3745,tt0120913,Titan A.E.,2000.0,"nm0089940,nm0325776",94.0,6.6,67302.0
3746,,,,,,,
3747,tt0186253,Jesus' Son,1999.0,nm0533744,107.0,6.9,7830.0
3748,tt0165384,The Match,1999.0,nm0205169,95.0,6.2,1454.0
3749,,,,,,,
3750,tt0217287,Boricua's Bond,2000.0,nm0510132,105.0,3.7,318.0
3751,tt0120630,Chicken Run,2000.0,"nm0520485,nm0661910",84.0,7.1,227179.0
3752,,,,,,,
3753,tt0187393,The Patriot,2000.0,nm0000386,165.0,7.2,316971.0
3754,,,,,,,
3755,tt0177971,The Perfect Storm,2000.0,nm0000583,130.0,6.5,190426.0
3756,tt0200669,The Golden Bowl,2000.0,nm0412465,130.0,5.9,4731.0
3757,tt0068230,Asylum,1972.0,nm0001928,88.0,6.5,9392.0
3758,tt0097100,Communion,1989.0,nm0602333,107.0,5.5,8996.0
3759,tt0039404,Fun and Fancy Free,1947.0,"nm0455741,nm0527217,nm0605093,nm0730860",73.0,6.3,10765.0
3760,tt0076257,The Kentucky Fried Movie,1977.0,nm0000484,83.0,6.4,21905.0
3761,tt0106469,Blood in Blood Out,1993.0,nm0000431,180.0,7.9,38373.0
3762,,,,,,,
3763,tt0089118,F/X,1986.0,nm0541677,109.0,6.7,25276.0
3764,,,,,,,
3765,tt0099797,The Hot Spot,1990.0,nm0000454,130.0,6.4,15853.0
3766,tt0087727,Missing in Action,1984.0,nm0957263,101.0,5.5,19002.0
3767,tt0089604,Missing in Action 2: The Beginning,1985.0,nm0393678,100.0,5.4,10719.0
3768,tt0094792,Braddock: Missing in Action III,1988.0,nm0635760,103.0,5.0,8307.0
3769,tt0072288,Thunderbolt and Lightfoot,1974.0,nm0001047,115.0,7.0,33557.0
3770,tt0087175,Dreamscape,1984.0,nm0747849,99.0,6.3,18953.0
3771,,,,,,,
3772,,,,,,,
3773,tt0099800,House Party,1990.0,nm0399737,100.0,6.5,18436.0
3774,tt0102065,House Party 2,1991.0,"nm0413547,nm0570408",94.0,5.4,7533.0
3775,tt0038718,Make Mine Music,1946.0,"nm0179994,nm0314671,nm0455741,nm0527217,nm0575008",75.0,6.1,5685.0
3776,tt0040580,Melody Time,1948.0,"nm0314671,nm0414144,nm0455741,nm0527217",75.0,6.1,8011.0
3777,,,,,,,
3778,tt0040664,On Our Merry Way,1948.0,"nm0272059,nm0896542,nm0001379,nm0828419",107.0,5.7,993.0
3779,tt0046213,Project Moon Base,1953.0,nm0848234,63.0,3.4,1544.0
3780,tt0042897,Rocketship X-M,1950.0,nm0627087,77.0,4.9,2802.0
3781,tt0070679,Shaft in Africa,1973.0,nm0347086,112.0,5.9,3489.0
3782,tt0069257,Shaft's Big Score!,1972.0,nm0662953,104.0,6.1,3903.0
3783,tt0159382,Croupier,1998.0,nm0388198,94.0,7.0,25034.0
3784,tt0219854,The Kid,2000.0,nm0005509,104.0,6.1,46748.0
3785,tt0175142,Scary Movie,2000.0,nm0005540,88.0,6.3,335637.0
3786,tt0179116,But I'm a Cheerleader,1999.0,nm0044803,85.0,6.9,53577.0
3787,tt0215369,Shower,1999.0,nm0955434,92.0,7.5,4349.0
3788,,,,,,,
3789,,,,,,,
3790,tt0212974,Groove,2000.0,nm0365615,86.0,6.6,4794.0
3791,tt0087277,Footloose,1984.0,nm0006889,107.0,6.6,103353.0
3792,tt0038499,Duel in the Sun,1946.0,"nm0896542,nm0112897,nm0226189,nm0291548,nm0580017,nm0006388,nm0903049",129.0,6.7,10626.0
3793,tt0120903,X-Men,2000.0,nm0001741,104.0,7.3,706311.0
3794,tt0200530,Chuck & Buck,2000.0,nm0037708,96.0,6.6,6215.0
3795,tt0168794,The Five Senses,1999.0,nm0687964,106.0,6.7,3188.0
3796,,,,,,,
3797,tt0163676,The in Crowd,2000.0,nm0005116,105.0,4.7,5060.0
3798,tt0161081,What Lies Beneath,2000.0,nm0000709,130.0,6.6,147157.0
3799,,,,,,,
3800,tt0205735,Criminal Lovers,1999.0,nm0654830,96.0,6.4,4829.0
3801,tt0052561,Anatomy of a Murder,1959.0,nm0695937,161.0,8.0,78940.0
3802,tt0104299,Freejack,1992.0,nm0614276,110.0,5.4,18993.0
3803,tt0068659,Greaser's Palace,1972.0,nm0002049,91.0,5.7,1332.0
3804,tt0079257,H.O.T.S.,1979.0,nm0801780,98.0,4.7,2112.0
3805,tt0082622,Knightriders,1981.0,nm0001681,146.0,6.3,6206.0
3806,tt0064615,Mackenna's Gold,1969.0,nm0496746,128.0,6.7,10894.0
3807,tt0076716,Sinbad and the Eye of the Tiger,1977.0,nm0910737,113.0,6.4,9834.0
3808,,,,,,,
3809,tt0103241,What About Bob?,1991.0,nm0000568,99.0,7.0,79918.0
3810,tt0105813,White Sands,1992.0,nm0002044,101.0,6.0,9834.0
3811,tt0080310,Breaker Morant,1980.0,nm0000915,107.0,7.8,15589.0
3812,,,,,,,
3813,tt0077742,Interiors,1978.0,nm0000095,92.0,7.2,22705.0
3814,tt0073312,Love and Death,1975.0,nm0000095,85.0,7.6,44254.0
3816,tt0089276,The Official Story,1985.0,nm0699933,112.0,7.7,11933.0
3817,tt0117817,The Other Side of Sunday,1996.0,nm0626406,103.0,6.9,1357.0
3818,tt0034055,Pot o' Gold,1941.0,nm0550892,86.0,6.0,2312.0
3819,,,,,,,
3820,tt0205461,Thomas and the Magic Railroad,2000.0,nm0020150,85.0,4.3,5276.0
3821,tt0144528,Nutty Professor II: The Klumps,2000.0,nm0781842,106.0,4.5,56207.0
3822,,,,,,,
3823,tt0171865,Wonderland,1999.0,nm0935863,108.0,7.1,4385.0
3824,tt0174480,Autumn in New York,2000.0,nm0001040,103.0,5.6,30859.0
3825,tt0200550,Coyote Ugly,2000.0,nm0573589,100.0,5.8,128964.0
3826,tt0164052,Hollow Man,2000.0,nm0000682,112.0,5.9,149829.0
3827,tt0186566,Space Cowboys,2000.0,nm0000142,130.0,6.5,90742.0
3828,tt0131972,Better Living,1998.0,nm0562470,95.0,3.7,169.0
3829,tt0156757,Mad About Mambo,2000.0,nm0287161,92.0,5.9,2232.0
3830,tt0206226,Psycho Beach Party,2000.0,nm0455214,95.0,6.1,7648.0
3831,tt0195234,Saving Grace,2000.0,nm0170719,93.0,6.9,20329.0
3832,tt0057603,Black Sabbath,1963.0,nm0000878,97.0,7.0,16264.0
3833,tt0052646,The Brain That Wouldn't Die,1962.0,nm0338018,82.0,4.6,8205.0
3834,tt0080472,Bronco Billy,1980.0,nm0000142,116.0,6.2,13968.0
3835,tt0106627,The Crush,1993.0,nm0788454,89.0,5.9,23854.0
3836,tt0065938,Kelly's Heroes,1970.0,nm0404606,144.0,7.6,59289.0
3837,tt0095863,Phantasm II,1988.0,nm0181741,97.0,6.4,18337.0
3838,tt0110823,Phantasm III: Lord of the Dead,1994.0,nm0181741,91.0,6.0,11769.0
3839,tt0138703,Phantasm IV: Oblivion,1998.0,nm0181741,90.0,5.5,9298.0
3840,tt0095925,Pumpkinhead,1988.0,nm0935644,86.0,6.2,31864.0
3841,tt0099005,Air America,1990.0,nm0006854,113.0,5.8,32820.0
3842,,,,,,,
3843,tt0086320,Sleepaway Camp,1983.0,nm0385349,84.0,6.2,45079.0
3844,tt0098384,Steel Magnolias,1989.0,nm0006889,117.0,7.3,72666.0
3845,tt0049189,...And God Created Woman,1956.0,nm0671862,90.0,6.3,10885.0
3846,tt0085470,Easy Money,1983.0,nm0797526,95.0,6.2,11488.0
3847,,,,,,,
3848,tt0111187,Silent Fall,1994.0,nm0000915,101.0,5.9,5300.0
3849,tt0038975,The Spiral Staircase,1946.0,nm0802563,83.0,7.3,12738.0
3850,,,,,,,
3851,,,,,,,
3852,tt0234853,The Tao of Steve,2000.0,nm0329116,87.0,6.7,7981.0
3853,tt0165986,The Tic Code,1998.0,nm0935095,91.0,6.7,505.0
3854,tt0130444,Aimee & Jaguar,1999.0,nm0299621,125.0,7.2,7353.0
3855,tt0204709,An Affair of Love,1999.0,nm0285090,80.0,6.9,5970.0
3856,,,,,,,
3857,tt0163983,Bless the Child,2000.0,nm0751080,107.0,5.1,16064.0
3858,tt0173716,Cecil B. Demented,2000.0,nm0000691,87.0,6.3,16918.0
3859,tt0233687,The Eyes of Tammy Faye,2000.0,"nm0047259,nm0053190",79.0,7.2,2312.0
3860,tt0138681,The Opportunists,1999.0,nm0175020,90.0,5.7,1395.0
3861,tt0191397,The Replacements,2000.0,nm0222043,118.0,6.7,75305.0
3862,tt0199314,About Adam,2000.0,nm0826437,97.0,5.8,7021.0
3863,tt0209958,The Cell,2000.0,nm0802248,107.0,6.4,116194.0
3864,tt0188640,Godzilla 2000,1999.0,nm0645549,99.0,6.0,10502.0
3865,tt0236388,The Original Kings of Comedy,2000.0,nm0000490,115.0,6.9,6423.0
3866,tt0178050,Sunset Strip,2000.0,nm0172781,90.0,5.6,1836.0
3867,tt0176426,All the Rage,1999.0,nm0827726,99.0,5.5,1951.0
3868,tt0095705,The Naked Gun: From the Files of Police Squad!,1988.0,nm0001878,85.0,7.6,226021.0
3869,,,,,,,
3870,tt0032881,Our Town,1940.0,nm0939992,90.0,6.5,3384.0
3871,tt0046303,Shane,1953.0,nm0828419,118.0,7.6,48360.0
3872,tt0053318,"Suddenly, Last Summer",1959.0,nm0000581,114.0,7.4,19398.0
3873,tt0059017,Cat Ballou,1965.0,nm0799033,97.0,6.7,17664.0
3874,tt0118018,A Couch in New York,1996.0,nm0001901,108.0,5.9,2551.0
3875,tt0062885,The Devil Rides Out,1968.0,nm0279807,95.0,6.8,11788.0
3876,,,,,,,
3877,tt0088206,Supergirl,1984.0,nm0844358,105.0,4.4,26285.0
3878,tt0049967,X the Unknown,1956.0,"nm0635554,nm0521334",81.0,6.1,3791.0
3879,tt0160009,The Art of War,2000.0,nm0240995,117.0,5.7,32648.0
3880,tt0236008,The Ballad of Ramblin' Jack,2000.0,nm0254357,112.0,7.8,338.0
3881,tt0168515,Bittersweet Motel,2000.0,nm0680846,82.0,7.7,828.0
3882,tt0204946,Bring It On,2000.0,nm0715636,98.0,6.2,116161.0
3883,,,,,,,
3884,tt0198386,The Crew,2000.0,nm0227781,88.0,5.6,5681.0
3885,tt0234137,Love & Sex,2000.0,nm0106928,82.0,6.1,5979.0
3886,tt0161216,Steal This Movie,2000.0,nm0339254,107.0,6.3,2489.0
3887,tt0157182,Went to Coney Island on a Mission from God... Be Back by Five,1998.0,nm0770942,94.0,6.0,440.0
3888,tt0209322,Skipped Parts,2000.0,nm0205542,100.0,6.2,3941.0
3889,tt0144964,Highlander: Endgame,2000.0,nm0007439,87.0,4.6,22621.0
3890,,,,,,,
3891,tt0216772,Turn It Up,2000.0,nm0011950,86.0,4.2,1588.0
3892,tt0187696,Anatomy,2000.0,nm0752328,103.0,6.0,14727.0
3893,tt0171580,Nurse Betty,2000.0,nm0001438,110.0,6.3,35985.0
3894,tt0190798,Solas,1999.0,nm0952583,101.0,7.5,4020.0
3895,tt0204626,The Watcher,2000.0,nm0152741,97.0,5.3,29813.0
3896,tt0202677,The Way of the Gun,2000.0,nm0003160,119.0,6.6,37519.0
3897,tt0181875,Almost Famous,2000.0,nm0001081,122.0,7.9,318140.0
3898,tt0211938,Bait,2000.0,nm0298807,119.0,5.7,12552.0
3899,tt0191037,Circus,2000.0,nm0908148,95.0,5.5,2436.0
3900,,,,,,,
3901,tt0134630,Duets,2000.0,nm0001591,112.0,6.2,10577.0
3902,tt0210717,Goya in Bordeaux,1999.0,nm0767022,100.0,6.6,2404.0
3903,tt0182508,Urbania,2000.0,nm0790398,103.0,6.8,3266.0
3904,,,,,,,
3905,tt0181836,The Specials,2000.0,nm0563301,82.0,5.7,2689.0
3906,tt0164212,Under Suspicion,2000.0,nm0394280,110.0,6.4,30727.0
3907,,,,,,,
3908,tt0192731,Urban Legends: Final Cut,2000.0,nm0653211,97.0,4.5,20479.0
3909,tt0206420,Woman on Top,2000.0,nm0868643,92.0,5.3,11287.0
3910,tt0168629,Dancer in the Dark,2000.0,nm0001885,135.0,7.9,125349.0
3911,tt0218839,Best in Show,2000.0,nm0001302,90.0,7.5,76622.0
3912,tt0210567,Beautiful,2000.0,nm0000398,112.0,5.7,4527.0
3913,tt0211219,Barenaked in America,1999.0,nm0000594,89.0,7.6,288.0
3914,,,,,,,
3915,tt0210075,Girlfight,2000.0,nm0476201,110.0,6.7,10767.0
3916,tt0210945,Remember the Titans,2000.0,nm0945026,113.0,7.8,254224.0
3917,tt0093177,Hellraiser,1987.0,nm0000850,94.0,6.9,156313.0
3918,tt0095294,Hellbound: Hellraiser II,1988.0,nm0709752,97.0,6.4,61767.0
3919,tt0104409,Hellraiser III: Hell on Earth,1992.0,nm0382776,93.0,5.5,38739.0
3920,tt0107209,"Faraway, So Close!",1993.0,nm0000694,140.0,7.2,9915.0
3921,tt0056860,Beach Party,1963.0,nm0038906,101.0,5.8,2624.0
3922,tt0057887,Bikini Beach,1964.0,nm0038906,99.0,5.5,1976.0
3923,tt0053219,Return of the Fly,1959.0,nm0076618,80.0,5.7,5767.0
3924,tt0058440,Pajama Party,1964.0,nm0918659,82.0,5.0,1468.0
3925,tt0088184,Stranger Than Paradise,1984.0,nm0000464,89.0,7.4,43745.0
3926,tt0055608,Voyage to the Bottom of the Sea,1961.0,nm0000740,105.0,6.0,7259.0
3927,tt0060397,Fantastic Voyage,1966.0,nm0281507,100.0,6.8,22785.0
3928,tt0040068,Abbott and Costello Meet Frankenstein,1948.0,"nm0059106,nm0487237",83.0,7.3,20620.0
3929,tt0032234,The Bank Dick,1940.0,nm0166836,72.0,7.1,8321.0
3930,,,,,,,
3931,tt0052846,The Giant Gila Monster,1959.0,nm0446129,74.0,3.8,4775.0
3932,tt0024184,The Invisible Man,1933.0,nm0001843,71.0,7.6,44787.0
3933,tt0052969,The Killer Shrews,1959.0,nm0446129,69.0,4.2,6186.0
3934,tt0050610,Kronos,1957.0,nm0627087,78.0,5.7,2466.0
3935,,,,,,,
3936,,,,,,,
3937,tt0088024,Runaway,1984.0,nm0000341,100.0,5.9,16427.0
3938,tt0084695,The Slumber Party Massacre,1982.0,nm0427468,77.0,5.6,21727.0
3939,,,,,,,
3940,,,,,,,
3941,tt0091990,Sorority House Massacre,1986.0,nm0290867,74.0,4.4,4752.0
3942,tt0100663,Sorority House Massacre II,1990.0,nm0691061,77.0,4.8,2616.0
3943,tt0215545,Bamboozled,2000.0,nm0000490,135.0,6.7,13228.0
3944,tt0210584,Bootmen,2000.0,nm0675032,95.0,6.2,2543.0
3945,tt0259974,Digimon: The Movie,2000.0,"nm0118176,nm0396074,nm0632383,nm0945674",82.0,6.1,8659.0
3946,tt0208988,Get Carter,2000.0,nm0443181,102.0,5.2,39554.0
3947,tt0067128,Get Carter,1971.0,nm0388198,112.0,7.3,39255.0
3948,tt0212338,Meet the Parents,2000.0,nm0005366,108.0,7.0,382382.0
3949,tt0180093,Requiem for a Dream,2000.0,nm0004716,102.0,8.3,986470.0
3950,tt0170691,Tigerland,2000.0,nm0001708,101.0,6.9,44467.0
3951,tt0202641,Two Family House,2000.0,nm0208343,108.0,7.2,1814.0
3952,tt0208874,The Contender,2000.0,nm0527109,126.0,6.9,26215.0
